signal_id,source_date,funding_type,conversion_stage,signal_title,source_url_or_path,source_type,geography_name,counterparty_name,counterparty_class,primary_constraint,amount_usd,signal_status,project_family,amount_display,amount_usd_floor,amount_qualifier,aggregation_role,superseded_by,supersedes,current_project_scope,publisher_name,dataset_name,dataset_version,canonical_ledger_url,canonical_record_url,citation_and_use_url
LAIS-0001,2024-12-04,Private Capex,Announced,Meta selects Northeast Louisiana as site of $10B AI-optimized data center,https://louisianaaihub.com/sources/2026-08-18_LED_Meta_Richland_10B_Workforce_SourceReference.pdf,Primary (Official),Richland Parish,"Meta Platforms, Inc.",Technology Company,Power/Grid,10000000000,LOGGED,Meta Hyperion,Approximately $10 billion,,Approximately,Historical - superseded for current project aggregation,LAIS-0029,,No,"Louisiana AI Hub, LLC",Louisiana AI Signals — Public Ledger,2026-08-18-r2,https://louisianaaihub.com/ledger,https://louisianaaihub.com/ledger#lais-0001,https://louisianaaihub.com/citation-use
LAIS-0002,2025-08-20,Private Capex,Approved,LPSC approves Entergy generation and transmission resources supporting Meta data center in Richland Parish,https://louisianaaihub.com/sources/LAIS-0002_LPSC_EntergyMetaGridApproval_Transcript_2025-08-20.pdf,Primary (Official),Richland Parish,"Entergy Louisiana, LLC",Utility/Energy,Power/Grid,—,LOGGED,Meta Hyperion,,,,No monetary amount,,,Not applicable,"Louisiana AI Hub, LLC",Louisiana AI Signals — Public Ledger,2026-08-18-r2,https://louisianaaihub.com/ledger,https://louisianaaihub.com/ledger#lais-0002,https://louisianaaihub.com/citation-use
LAIS-0003,2025-12-17,Private Contract Value,Contracted,Hut 8 signs 15-year 245 MW AI data center lease at River Bend campus (total contract value $7.0B),https://louisianaaihub.com/sources/2026-08-18_Hut8_RiverBend_7B_Lease_SourceReference.pdf,Primary (Company),River Bend Campus (West Feliciana Parish),Hut 8 Corp.,Private Infrastructure Operator,Procurement,7000000000,LOGGED,Hut 8 River Bend,$7.0 billion,7000000000,,Additive current amount,,,Not applicable,"Louisiana AI Hub, LLC",Louisiana AI Signals — Public Ledger,2026-08-18-r2,https://louisianaaihub.com/ledger,https://louisianaaihub.com/ledger#lais-0003,https://louisianaaihub.com/citation-use
LAIS-0004,2025-09-30,Public/Institutional Awards,Approved,U.S. Department of Labor awards $7M to Louisiana Workforce Commission,https://louisianaaihub.com/sources/2026-08-18_USDOL_LouisianaWorkforce_7M_SourceReference.pdf,Primary (Official),Louisiana,Louisiana Workforce Commission,Public Agency,Workforce,7000000,LOGGED,,$7 million,7000000,,Additive current amount,,,Not applicable,"Louisiana AI Hub, LLC",Louisiana AI Signals — Public Ledger,2026-08-18-r2,https://louisianaaihub.com/ledger,https://louisianaaihub.com/ledger#lais-0004,https://louisianaaihub.com/citation-use
LAIS-0005,2024-04-24,Public/Institutional Awards,Approved,BoRSF-RCS 005A-24 — AI Based Methodologies for Major Crops in Louisiana,https://louisianaaihub.com/sources/2024-04-24_LouisianaBoardOfRegents_BoRSF_AwardRecommendations_Official.pdf,Primary (Official),Baton Rouge,LSU - AgCenter,University/Research,Capital,154000,LOGGED,,"$154,000",154000,Exact,Additive current amount,,,Not applicable,"Louisiana AI Hub, LLC",Louisiana AI Signals — Public Ledger,2026-08-18-r2,https://louisianaaihub.com/ledger,https://louisianaaihub.com/ledger#lais-0005,https://louisianaaihub.com/citation-use
LAIS-0006,2024-04-24,Public/Institutional Awards,Submitted,BoRSF-RCS 045A-24 — submitted AI-driven micro-grid proposal; not in final funded list,https://louisianaaihub.com/sources/2024-04-24_LouisianaBoardOfRegents_BoRSF_AwardRecommendations_Official.pdf,Primary (Official),Baton Rouge,LSU - A&M College,University/Research,Capital,,CORRECTED,,Not awarded,,,Excluded — no award established,,,Not applicable,"Louisiana AI Hub, LLC",Louisiana AI Signals — Public Ledger,2026-08-18-r2,https://louisianaaihub.com/ledger,https://louisianaaihub.com/ledger#lais-0006,https://louisianaaihub.com/citation-use
LAIS-0007,2024-06-01,Public/Institutional Awards,Operational,LTRC/DOTD — Improved Signalized Intersection Performance,https://louisianaaihub.com/sources/LAIS-0007_LTRC_DOTD_AnnualWorkProgram_SignalizedIntersectionPerformance_2024-06-01.pdf,Primary (Official),Louisiana,Louisiana Transportation Research Center (LTRC),Public Agency,Capital,223751,LOGGED,,"$223,751",223751,,Additive current amount,,,Not applicable,"Louisiana AI Hub, LLC",Louisiana AI Signals — Public Ledger,2026-08-18-r2,https://louisianaaihub.com/ledger,https://louisianaaihub.com/ledger#lais-0007,https://louisianaaihub.com/citation-use
LAIS-0008,2025-11-06,Public/Institutional Awards,Approved,"Tulane Provost’s Proof of Concept Fund awards $150,000 to Fall 2025 recipients",https://louisianaaihub.com/sources/2026-08-18_Tulane_ProofOfConceptFund_150K_SourceReference.pdf,Primary (Official),New Orleans,Tulane University,University/Research,Capital,150000,LOGGED,,"$150,000",150000,,Additive current amount,,,Not applicable,"Louisiana AI Hub, LLC",Louisiana AI Signals — Public Ledger,2026-08-18-r2,https://louisianaaihub.com/ledger,https://louisianaaihub.com/ledger#lais-0008,https://louisianaaihub.com/citation-use
LAIS-0009,2026-02-23,Private Capex,Announced,Amazon selects Louisiana for $12B data center campuses (Caddo & Bossier Parishes),https://louisianaaihub.com/sources/2026-08-18_LED_Amazon_CaddoBossier_12B_SourceReference.pdf,Primary (Official),Caddo & Bossier Parishes,Amazon,Technology Company,Power/Grid,12000000000,LOGGED,Amazon Caddo-Bossier,$12 billion (historical),12000000000,,Historical - superseded for current project aggregation,LAIS-0150,,No,"Louisiana AI Hub, LLC",Louisiana AI Signals — Public Ledger,2026-08-18-r2,https://louisianaaihub.com/ledger,https://louisianaaihub.com/ledger#lais-0009,https://louisianaaihub.com/citation-use
LAIS-0010,2025-12-17,Private Capex,Announced,Hut 8 River Bend campus Phase I investment (up to $10B),https://louisianaaihub.com/sources/2026-08-18_LED_Hut8_RiverBend_10B_SourceReference.pdf,Primary (Official),West Feliciana Parish,Hut 8 Corp.,Private Infrastructure Operator,Power/Grid,10000000000,LOGGED,Hut 8 River Bend,Up to $10 billion,,Up to,Additive current amount,,,Yes,"Louisiana AI Hub, LLC",Louisiana AI Signals — Public Ledger,2026-08-18-r2,https://louisianaaihub.com/ledger,https://louisianaaihub.com/ledger#lais-0010,https://louisianaaihub.com/citation-use
LAIS-0011,2025-12-19,Private Contract Value,Contracted,Meta Richland Parish data center: contracted more than $875M with Louisiana businesses,https://louisianaaihub.com/sources/2026-08-18_Meta_Richland_875M_Contracts_SourceReference.pdf,Primary (Company),Louisiana,"Meta Platforms, Inc.",Technology Company,Capital,875000000,LOGGED,Meta Hyperion,More than $875 million (historical),875000000,More than,Historical — superseded for current contract-value aggregation,LAIS-0127,,No,"Louisiana AI Hub, LLC",Louisiana AI Signals — Public Ledger,2026-08-18-r2,https://louisianaaihub.com/ledger,https://louisianaaihub.com/ledger#lais-0011,https://louisianaaihub.com/citation-use
LAIS-0012,2024-12-04,Public/Institutional Awards,Approved,"LCTCS commits $250,000 Workforce Rapid Response funding to Delta Community College (Meta-related)",https://louisianaaihub.com/sources/2026-08-18_LED_Meta_Richland_10B_Workforce_SourceReference.pdf,Primary (Official),Northeast Louisiana,Louisiana Community & Technical College System (LCTCS),State Agency,Workforce,250000,LOGGED,Meta Hyperion,"$250,000",250000,,Additive current amount,,,Not applicable,"Louisiana AI Hub, LLC",Louisiana AI Signals — Public Ledger,2026-08-18-r2,https://louisianaaihub.com/ledger,https://louisianaaihub.com/ledger#lais-0012,https://louisianaaihub.com/citation-use
LAIS-0013,2025-06-26,Private Capex,Announced,Neuro.io plans $100M innovation campus (BrainHUB),https://louisianaaihub.com/sources/2026-08-18_LED_NeuroIO_BrainHUB_100M_10M_SourceReference.pdf,Primary (Official),Terrebonne Parish,Neuro.io,Technology Company,Capital,100000000,LOGGED,Neuro.io BrainHUB,$100 million,100000000,,Additive current amount,,,Yes,"Louisiana AI Hub, LLC",Louisiana AI Signals — Public Ledger,2026-08-18-r2,https://louisianaaihub.com/ledger,https://louisianaaihub.com/ledger#lais-0013,https://louisianaaihub.com/citation-use
LAIS-0014,2025-06-26,Public/Institutional Awards,Approved,Neuro.io project incentive: $10M performance-based grant (infrastructure/facility improvements),https://louisianaaihub.com/sources/2026-08-18_LED_NeuroIO_BrainHUB_100M_10M_SourceReference.pdf,Primary (Official),Terrebonne Parish,Neuro.io,Technology Company,Capital,10000000,LOGGED,Neuro.io BrainHUB,$10 million,10000000,,Additive current amount,,,Not applicable,"Louisiana AI Hub, LLC",Louisiana AI Signals — Public Ledger,2026-08-18-r2,https://louisianaaihub.com/ledger,https://louisianaaihub.com/ledger#lais-0014,https://louisianaaihub.com/citation-use
LAIS-0015,2025-12-09,Private Capex,Announced,SLB Shreveport expansion: $30M to support digital infrastructure and data center equipment production,https://louisianaaihub.com/sources/2026-08-18_LED_SLB_Shreveport_30M_6M_SourceReference.pdf,Primary (Official),Caddo Parish,SLB,Energy Services,Capital,30000000,LOGGED,SLB Shreveport Expansion,$30 million,30000000,,Additive current amount,,,Yes,"Louisiana AI Hub, LLC",Louisiana AI Signals — Public Ledger,2026-08-18-r2,https://louisianaaihub.com/ledger,https://louisianaaihub.com/ledger#lais-0015,https://louisianaaihub.com/citation-use
LAIS-0016,2025-12-09,Public/Institutional Awards,Approved,SLB Shreveport expansion incentive: $6M performance-based grant (utility/infrastructure improvements),https://louisianaaihub.com/sources/2026-08-18_LED_SLB_Shreveport_30M_6M_SourceReference.pdf,Primary (Official),Caddo Parish,SLB,Energy Services,Capital,6000000,LOGGED,SLB Shreveport Expansion,$6 million,6000000,,Additive current amount,,,Not applicable,"Louisiana AI Hub, LLC",Louisiana AI Signals — Public Ledger,2026-08-18-r2,https://louisianaaihub.com/ledger,https://louisianaaihub.com/ledger#lais-0016,https://louisianaaihub.com/citation-use
LAIS-0017,2025-12-10,Private Capex,Announced,Epic Piping Livingston expansion: $25M to support data center and energy markets,https://louisianaaihub.com/sources/2026-08-18_LED_EpicPiping_Livingston_25M_900K_SourceReference.pdf,Primary (Official),Livingston Parish,"Epic Piping, LLC",Industrial Manufacturer,Capital,25000000,LOGGED,Epic Piping Livingston Expansion,$25 million,25000000,,Additive current amount,,,Yes,"Louisiana AI Hub, LLC",Louisiana AI Signals — Public Ledger,2026-08-18-r2,https://louisianaaihub.com/ledger,https://louisianaaihub.com/ledger#lais-0017,https://louisianaaihub.com/citation-use
LAIS-0018,2025-12-10,Public/Institutional Awards,Approved,Epic Piping Livingston expansion incentive: $900000 EDAP infrastructure improvements,https://louisianaaihub.com/sources/2026-08-18_LED_EpicPiping_Livingston_25M_900K_SourceReference.pdf,Primary (Official),Livingston Parish,"Epic Piping, LLC",Industrial Manufacturer,Capital,900000,LOGGED,Epic Piping Livingston Expansion,"$900,000",900000,,Additive current amount,,,Not applicable,"Louisiana AI Hub, LLC",Louisiana AI Signals — Public Ledger,2026-08-18-r2,https://louisianaaihub.com/ledger,https://louisianaaihub.com/ledger#lais-0018,https://louisianaaihub.com/citation-use
LAIS-0019,2025-02-06,Public/Institutional Awards,Announced,Louisiana Growth Fund: initial federal funding $50M (LA.IO initiative),https://louisianaaihub.com/sources/2026-08-18_LED_LouisianaGrowthFund_50M_SourceReference.pdf,Primary (Official),Louisiana,Louisiana Economic Development (LA.IO),State Agency,Capital,50000000,LOGGED,,$50 million,50000000,,Additive current amount,,,Not applicable,"Louisiana AI Hub, LLC",Louisiana AI Signals — Public Ledger,2026-08-18-r2,https://louisianaaihub.com/ledger,https://louisianaaihub.com/ledger#lais-0019,https://louisianaaihub.com/citation-use
LAIS-0020,2026-02-26,Private Capex,Approved,England District Sub-District No. 4 created for digital infrastructure (HPC/AI) project prospect (company undisclosed in resolution),https://louisianaaihub.com/sources/LAIS-0020_EEIDD_EnglandDistrict_SubDistrictNo4_Resolution_2026-02-26.pdf,Primary (Official),Rapides Parish,Undisclosed digital infrastructure developer,Private Infrastructure Operator,Capital,—,LOGGED,England Airpark Digital Infrastructure District,,,,No monetary amount,,,Not applicable,"Louisiana AI Hub, LLC",Louisiana AI Signals — Public Ledger,2026-08-18-r2,https://louisianaaihub.com/ledger,https://louisianaaihub.com/ledger#lais-0020,https://louisianaaihub.com/citation-use
LAIS-0021,2026-03-03,Public/Institutional Awards,Approved,Louisiana selects 19 FastSites; program backed by $150M Site Investment and Infrastructure Fund,https://louisianaaihub.com/sources/2026-08-18_LED_FastSites_150M_SourceReference.pdf,Primary (Official),Louisiana,Louisiana Economic Development (LED),Public Agency,Capital,150000000,LOGGED,,$150 million,150000000,,Additive current amount,,,Not applicable,"Louisiana AI Hub, LLC",Louisiana AI Signals — Public Ledger,2026-08-18-r2,https://louisianaaihub.com/ledger,https://louisianaaihub.com/ledger#lais-0021,https://louisianaaihub.com/citation-use
LAIS-0022,2026-03-03,Public/Institutional Awards,Approved,Meta Data Center Community Action Grants: 2026 recipients published (Louisiana – Richland Parish Data Center),https://louisianaaihub.com/sources/2026-08-18_Meta_Richland_2026_ActionGrants_SourceReference.pdf,Primary (Company),Richland Parish,"Meta Platforms, Inc.",Technology Company,Workforce,—,LOGGED,Meta Hyperion,,,,No monetary amount,,,Not applicable,"Louisiana AI Hub, LLC",Louisiana AI Signals — Public Ledger,2026-08-18-r2,https://louisianaaihub.com/ledger,https://louisianaaihub.com/ledger#lais-0022,https://louisianaaihub.com/citation-use
LAIS-0023,2026-03-25,Private Capex,Announced,Project Evest filing identifies second Meta-linked hyperscale data center track in Richland Parish,https://louisianaaihub.com/sources/LAIS-0023_LPSC_ProjectEvest_EntergyApplication_2026-03-25.pdf,Primary (Official),Richland Parish,Evest LLC,Technology Company,Power/Grid,—,LOGGED,Meta Project Evest,,,,No monetary amount,,,Not applicable,"Louisiana AI Hub, LLC",Louisiana AI Signals — Public Ledger,2026-08-18-r2,https://louisianaaihub.com/ledger,https://louisianaaihub.com/ledger#lais-0023,https://louisianaaihub.com/citation-use
LAIS-0024,2026-04-23,Private Capex,Approved,EEIDD approves Project Lightning PILOT term sheet with Applied Digital for planned Rapides Parish data center campus (at least $3.6B capital cost; subject to later CEA approval; related contract-value disclosure logged separately as LAIS-0025),https://louisianaaihub.com/sources/LAIS-0024_EEIDD_ProjectLightning_TermSheetResolution_2026-04-23.pdf,Primary (Official),Rapides Parish,Applied Digital Corporation,Private Infrastructure Operator,Capital,3600000000,LOGGED,Applied Digital Delta Forge 1,At least $3.6 billion,3600000000,At least,Additive current amount,,,Yes,"Louisiana AI Hub, LLC",Louisiana AI Signals — Public Ledger,2026-08-18-r2,https://louisianaaihub.com/ledger,https://louisianaaihub.com/ledger#lais-0024,https://louisianaaihub.com/citation-use
LAIS-0025,2026-04-23,Private Contract Value,Contracted,Applied Digital announces Delta Forge 1 hyperscaler lease (approximately $7.5B total contracted value over an estimated 15-year term for 300 MW critical IT load; related project-capital context logged separately as LAIS-0024),https://louisianaaihub.com/sources/2026-04-23_AppliedDigital_Form8K_DeltaForge1_Official.pdf,Primary (Company),Delta Forge 1 (Rapides Parish),Applied Digital Corporation,Private Infrastructure Operator,Procurement,7500000000,LOGGED,Applied Digital Delta Forge 1,Approximately $7.5 billion,,Approximately,Additive current amount,,,Not applicable,"Louisiana AI Hub, LLC",Louisiana AI Signals — Public Ledger,2026-08-18-r2,https://louisianaaihub.com/ledger,https://louisianaaihub.com/ledger#lais-0025,https://louisianaaihub.com/citation-use
LAIS-0026,2026-05-19,Private Infrastructure-Enabling Investment,Announced,Hut 8 / West Feliciana Parish River Bend water-infrastructure agreement (approximately $16M private water-system capacity expansion),https://louisianaaihub.com/sources/LAIS-0026_Hut8_WestFeliciana_WaterInfrastructureAgreement_2026-05-19.pdf,Primary (Company / Wire),West Feliciana Parish,Hut 8 Corp. / West Feliciana Parish,Private Infrastructure Operator,Infrastructure,16000000,LOGGED,Hut 8 River Bend,Approximately $16 million,,Approximately,Additive current amount,,,Not applicable,"Louisiana AI Hub, LLC",Louisiana AI Signals — Public Ledger,2026-08-18-r2,https://louisianaaihub.com/ledger,https://louisianaaihub.com/ledger#lais-0026,https://louisianaaihub.com/citation-use
LAIS-0027,2026-06-23,Local Public Finance,Adopted,Bossier City adopts Infrastructure Capital Fund tied to Amazon data-center sales-tax revenue,https://louisianaaihub.com/sources/2026-06-23_BossierCity_Ordinance74_InfrastructureCapitalFund_Minutes.pdf,Primary (Official municipal minutes),Bossier City / Bossier Parish,City of Bossier City,Local Government,Infrastructure,—,LOGGED,Amazon Caddo-Bossier,,,,No monetary amount,,,Not applicable,"Louisiana AI Hub, LLC",Louisiana AI Signals — Public Ledger,2026-08-18-r2,https://louisianaaihub.com/ledger,https://louisianaaihub.com/ledger#lais-0027,https://louisianaaihub.com/citation-use
LAIS-0028,2026-06-23,Private Infrastructure-Enabling Investment,Contracted,Cleco filing discloses executed Applied Digital electric-service agreement and approximately 430 MW additional electric load for Delta Forge 1 (mid-2027 service anticipated subject to LPSC approvals; utility load is non-additive with LAIS-0025 critical IT load),https://louisianaaihub.com/sources/2026-06-23_Cleco_Fontenot_Testimony_AppliedDigital_430MW_UtilityPathway.pdf,Primary (Official),Delta Forge 1 (Rapides Parish),Cleco Power LLC / Applied Digital Corporation,Utility/Energy,Power/Grid,—,LOGGED,Applied Digital Delta Forge 1,,,,No monetary amount,,,Not applicable,"Louisiana AI Hub, LLC",Louisiana AI Signals — Public Ledger,2026-08-18-r2,https://louisianaaihub.com/ledger,https://louisianaaihub.com/ledger#lais-0028,https://louisianaaihub.com/citation-use
LAIS-0029,2026-07-13,Private Capex,Announced,Meta announces Hyperion expansion to 5 GW of planned compute capacity and more than $50 billion in announced investment (operator announcement; not utility or regulatory approval),https://louisianaaihub.com/sources/2026-07-13_Meta_Hyperion_Expansion_OfficialWebpageCapture.pdf,Primary (Company),Richland Parish,"Meta Platforms, Inc.",Technology Company,Capital,50000000000,LOGGED,Meta Hyperion,More than $50 billion,50000000000,More than,Current project amount,,LAIS-0001,Yes,"Louisiana AI Hub, LLC",Louisiana AI Signals — Public Ledger,2026-08-18-r2,https://louisianaaihub.com/ledger,https://louisianaaihub.com/ledger#lais-0029,https://louisianaaihub.com/citation-use
LAIS-0030,2026-06-24,Public/Institutional Awards,Approved,"Louisiana Legislature adds $50 million to FastSites, bringing the current fund to $200 million",https://louisianaaihub.com/sources/2026-06-24_LED_FastSites_Additional_50M_OfficialWebpageCapture.pdf,Primary (Official),Louisiana,Louisiana Economic Development (LED),Public Agency,Capital,50000000,LOGGED,FastSites / Site Investment and Infrastructure Fund,$50 million,50000000,,Incremental program funding,,,Yes,"Louisiana AI Hub, LLC",Louisiana AI Signals — Public Ledger,2026-08-18-r2,https://louisianaaihub.com/ledger,https://louisianaaihub.com/ledger#lais-0030,https://louisianaaihub.com/citation-use
LAIS-0031,2025-10-06,Private Capex,Announced,MMR announces $55.2 million Lafayette modular-systems facility serving data-center and semiconductor construction,https://louisianaaihub.com/sources/2025-10-06_LED_MMR_Lafayette_55.2M_OfficialWebpageCapture.pdf,Primary (Official),Lafayette Parish,MMR Group,Industrial Manufacturer,Capital,55200000,LOGGED,MMR Lafayette Modular Systems Facility,$55.2 million,55200000,,Current project amount,,,Yes,"Louisiana AI Hub, LLC",Louisiana AI Signals — Public Ledger,2026-08-18-r2,https://louisianaaihub.com/ledger,https://louisianaaihub.com/ledger#lais-0031,https://louisianaaihub.com/citation-use
LAIS-0032,2024-04-18,Private Capex,Announced,Fibrebond announces $50 million Webster Parish expansion supporting data-center infrastructure markets,https://louisianaaihub.com/sources/2024-04-18_LED_Fibrebond_Webster_50M_OfficialWebpageCapture.pdf,Primary (Official),Webster Parish,Fibrebond Corporation,Industrial Manufacturer,Capital,50000000,LOGGED,Fibrebond Minden Manufacturing Campus,$50 million,50000000,,Historical - superseded for current project aggregation,LAIS-0048,,No,"Louisiana AI Hub, LLC",Louisiana AI Signals — Public Ledger,2026-08-18-r2,https://louisianaaihub.com/ledger,https://louisianaaihub.com/ledger#lais-0032,https://louisianaaihub.com/citation-use
LAIS-0033,2026-02-03,Private Capex,Announced,The Shaw Group announces Livingston Parish workforce expansion supporting power and data-center demand,https://louisianaaihub.com/sources/2026-02-03_LED_Shaw_Livingston_Workforce_OfficialWebpageCapture.pdf,Primary (Official),Livingston Parish,The Shaw Group,Industrial Manufacturer,Workforce,—,LOGGED,Shaw Group Walker Enabling-Industry Expansion,,,,No monetary amount,,,Not applicable,"Louisiana AI Hub, LLC",Louisiana AI Signals — Public Ledger,2026-08-18-r2,https://louisianaaihub.com/ledger,https://louisianaaihub.com/ledger#lais-0033,https://louisianaaihub.com/citation-use
LAIS-0034,2026-06-04,Private Capex,Announced,NovaSpark Energy announces $30 million Houma manufacturing facility supporting critical-infrastructure applications including data-center backup power,https://louisianaaihub.com/sources/2026-06-04_LED_NovaSpark_Houma_30M_OfficialWebpageCapture.pdf,Primary (Official),Terrebonne Parish,NovaSpark Energy,Industrial Manufacturer,Capital,30000000,LOGGED,NovaSpark Houma Manufacturing Facility,$30 million,30000000,,Current project amount,,,Yes,"Louisiana AI Hub, LLC",Louisiana AI Signals — Public Ledger,2026-08-18-r2,https://louisianaaihub.com/ledger,https://louisianaaihub.com/ledger#lais-0034,https://louisianaaihub.com/citation-use
LAIS-0035,2026-07-13,Private Workforce / Community Investment,Committed,Meta commits $5 million to Louisiana Delta Community College Foundation for Richland Parish data-center workforce scholarships beginning with the Class of 2026,https://louisianaaihub.com/sources/2026-07-13_LDCC_Meta_5M_DataCenterWorkforceScholarships_OfficialWebpageCapture.pdf,Primary (Official issuer webpage; reference fallback),Richland Parish / Northeast Louisiana,"Meta Platforms, Inc. / Louisiana Delta Community College Foundation",Technology Company / Educational Institution,Workforce,5000000,LOGGED,Meta Hyperion — Workforce and Community,$5 million,5000000,,Additive current amount,,,Not applicable,"Louisiana AI Hub, LLC",Louisiana AI Signals — Public Ledger,2026-08-18-r2,https://louisianaaihub.com/ledger,https://louisianaaihub.com/ledger#lais-0035,https://louisianaaihub.com/citation-use
LAIS-0036,2026-07-23,Private Capex,Announced,Lightsource bp discloses $237 million Mowata Solar investment in Louisiana energy infrastructure,https://louisianaaihub.com/sources/2026-07-23_LightsourceBP_Meta_MowataSolar_PPA_OfficialWebpageCapture.pdf,Primary (Company),Acadia Parish,Lightsource bp / Mowata Solar LLC,Renewable Energy Developer,Power/Grid,237000000,LOGGED,Mowata Solar,$237 million,237000000,,Current project amount,,,Yes,"Louisiana AI Hub, LLC",Louisiana AI Signals — Public Ledger,2026-08-18-r2,https://louisianaaihub.com/ledger,https://louisianaaihub.com/ledger#lais-0036,https://louisianaaihub.com/citation-use
LAIS-0037,2026-07-23,Private Contract Value,Contracted,Lightsource bp and Meta finalize long-term PPA supporting planned 172 MWdc / 150 MWac Mowata Solar project in Acadia Parish,https://louisianaaihub.com/sources/2026-07-23_LightsourceBP_Meta_MowataSolar_PPA_OfficialWebpageCapture.pdf,Primary (Company),Acadia Parish,"Meta Platforms, Inc. / Lightsource bp",Technology Company / Renewable Energy Developer,Procurement,—,LOGGED,Mowata Solar / Meta PPA,Contract value undisclosed,,,No monetary amount,,,Not applicable,"Louisiana AI Hub, LLC",Louisiana AI Signals — Public Ledger,2026-08-18-r2,https://louisianaaihub.com/ledger,https://louisianaaihub.com/ledger#lais-0037,https://louisianaaihub.com/citation-use
LAIS-0038,2026-07-23,Private Workforce / Community Investment,Completed,"Lightsource bp discloses $400,000 contribution made in 2025 to the Acadia Parish Industrial Development Board",https://louisianaaihub.com/sources/2026-07-23_LightsourceBP_Meta_MowataSolar_PPA_OfficialWebpageCapture.pdf,Primary (Company),Acadia Parish,Lightsource bp / Acadia Parish Industrial Development Board,Renewable Energy Developer / Local Development Authority,Infrastructure,400000,LOGGED,Mowata Solar — Community Benefits,"$400,000",400000,,Additive current amount,,,Not applicable,"Louisiana AI Hub, LLC",Louisiana AI Signals — Public Ledger,2026-08-18-r2,https://louisianaaihub.com/ledger,https://louisianaaihub.com/ledger#lais-0038,https://louisianaaihub.com/citation-use
LAIS-0039,2024-07-24,Local Public Finance,Adopted,Baton Rouge Metropolitan Council adopts Resolution 57969 approving Mowata Solar’s 2027–2041 PILOT/facilities-rent schedule for Acadia Parish taxing bodies,https://louisianaaihub.com/sources/2024-07-24_BatonRouge_MetroCouncil_Resolution57969_MowataPILOT.pdf,Primary (Official municipal minutes),Acadia Parish / Capital Area Finance Authority,Capital Area Finance Authority / Mowata Solar LLC / Acadia Parish taxing bodies,Public Finance Authority / Renewable Energy Developer,Capital,—,LOGGED,Mowata Solar — PILOT / Facilities Rent,15 scheduled payments from 2027 through 2041; annual amounts in source,,,Approved schedule; excluded from face-value rollups,,,Not applicable,"Louisiana AI Hub, LLC",Louisiana AI Signals — Public Ledger,2026-08-18-r2,https://louisianaaihub.com/ledger,https://louisianaaihub.com/ledger#lais-0039,https://louisianaaihub.com/citation-use
LAIS-0040,2025-11-12,Local Public Finance,Ratified,"Acadia Parish authorizes and ratifies Mowata Solar Economic Development Financing Agreement and addendum, including minimum 60 resident jobs and $100,000 local-spending commitment",https://louisianaaihub.com/sources/2025-11-12_AcadiaParish_Mowata_EconomicDevelopmentAgreement_Minutes.pdf,Primary (Official parish minutes),Acadia Parish,Acadia Parish Industrial Development Board / Mowata Solar LLC / Lightsource bp,Local Development Authority / Renewable Energy Developer,Workforce,100000,LOGGED,Mowata Solar — Economic Development Agreement,"At least $100,000 local-spending commitment",100000,At least,Agreement term; excluded from public-finance and cross-class monetary rollups,,,Not applicable,"Louisiana AI Hub, LLC",Louisiana AI Signals — Public Ledger,2026-08-18-r2,https://louisianaaihub.com/ledger,https://louisianaaihub.com/ledger#lais-0040,https://louisianaaihub.com/citation-use
LAIS-0041,2026-03-25,Private Ratepayer / Affordability Commitment,Contracted,"Project Evest Sustainability Agreement commits $200 million from Evest and a $60 million Entergy match for low-income assistance, energy efficiency and weatherization",https://louisianaaihub.com/sources/LAIS-0023_LPSC_ProjectEvest_EntergyApplication_2026-03-25.pdf,Primary (Official),Louisiana / Richland Parish-linked,"Evest LLC / Entergy Louisiana, LLC",Technology Company Affiliate / Utility,Power/Grid,260000000,LOGGED,Meta Project Evest — Ratepayer and Community Commitments,$200 million from Evest; $260 million combined with Entergy match,260000000,,Additive current amount; combined commitment counted once,,,Not applicable,"Louisiana AI Hub, LLC",Louisiana AI Signals — Public Ledger,2026-08-18-r2,https://louisianaaihub.com/ledger,https://louisianaaihub.com/ledger#lais-0041,https://louisianaaihub.com/citation-use
LAIS-0042,2026-03-25,Private Infrastructure-Enabling Investment,Contracted,"Project Evest Sustainability Agreement provides for up to 2,500 MW of incremental renewable-resource subscription, subject to later procurement and certification",https://louisianaaihub.com/sources/LAIS-0023_LPSC_ProjectEvest_EntergyApplication_2026-03-25.pdf,Primary (Official),Louisiana / Richland Parish-linked,"Evest LLC / Entergy Louisiana, LLC",Technology Company Affiliate / Utility,Power/Grid,—,LOGGED,Meta Project Evest — Renewable Subscription,"Up to 2,500 MW; no monetary amount disclosed",,,No monetary amount,,,Not applicable,"Louisiana AI Hub, LLC",Louisiana AI Signals — Public Ledger,2026-08-18-r2,https://louisianaaihub.com/ledger,https://louisianaaihub.com/ledger#lais-0042,https://louisianaaihub.com/citation-use
LAIS-0043,2025-08-20,Private Ratepayer / Affordability Commitment,Approved,"U-37425 record supports up to $15 million Meta/Laidley Power to Care commitment plus Entergy match, up to $30 million combined over 15 years",https://louisianaaihub.com/sources/LAIS-0002_LPSC_EntergyMetaGridApproval_Transcript_2025-08-20.pdf,Primary (Official),Louisiana / Richland Parish-linked,"Meta/Laidley / Entergy Louisiana, LLC",Technology Company / Utility,Power/Grid,30000000,LOGGED,Meta Hyperion — U-37425 Power to Care,Up to $30 million combined over 15 years,,Up to,Additive current amount; combined ceiling counted once,,,Not applicable,"Louisiana AI Hub, LLC",Louisiana AI Signals — Public Ledger,2026-08-18-r2,https://louisianaaihub.com/ledger,https://louisianaaihub.com/ledger#lais-0043,https://louisianaaihub.com/citation-use
LAIS-0044,2026-07-13,Private Workforce / Community Investment,Completed,"Meta discloses $300,000 investment in the Richland Revitalization Board for parks, ballfields, community centers and related facilities",https://louisianaaihub.com/sources/2026-07-13_Meta_Richland_Community_Affordability_CompleteClaimCapture.pdf,Primary (Company),Richland Parish,"Meta Platforms, Inc. / Richland Revitalization Board",Technology Company / Community Organization,Infrastructure,300000,LOGGED,Meta Hyperion — Community Investment,"$300,000",300000,,Additive current amount,,,Not applicable,"Louisiana AI Hub, LLC",Louisiana AI Signals — Public Ledger,2026-08-18-r2,https://louisianaaihub.com/ledger,https://louisianaaihub.com/ledger#lais-0044,https://louisianaaihub.com/citation-use
LAIS-0045,2025-10-21,Private Infrastructure-Enabling Investment,Contracted,"Meta and funds managed by Blue Owl enter 80/20 Hyperion joint venture, with the parties committed to fund pro rata shares of approximately $27 billion in estimated development costs",https://louisianaaihub.com/sources/2025-10-21_Meta_BlueOwl_Hyperion_JointVenture_CompleteClaimCapture.pdf,Primary (Company),Richland Parish,"Meta Platforms, Inc. / Funds managed by Blue Owl Capital",Technology Company / Investment Funds,Capital,27000000000,LOGGED,Meta Hyperion — Ownership and Development Financing,Approximately $27 billion estimated development-cost basis,,Approximately,Contextual development-financing basis; excluded from all monetary rollups and non-additive with LAIS-0029,,,Not applicable,"Louisiana AI Hub, LLC",Louisiana AI Signals — Public Ledger,2026-08-18-r2,https://louisianaaihub.com/ledger,https://louisianaaihub.com/ledger#lais-0045,https://louisianaaihub.com/citation-use
LAIS-0046,2026-01-29,Private Contract Value,Contracted,Meta discloses approximately $12.31 billion aggregate initial operating-lease commitment for Hyperion joint-venture campus properties beginning in 2029,https://louisianaaihub.com/sources/2026-01-29_Meta_Form10K_Hyperion_Venture_Lease_RVG_CompleteClaimCapture.pdf,Primary (Official),Richland Parish,"Meta Platforms, Inc. / Hyperion joint venture",Technology Company / Joint Venture,Procurement,12310000000,LOGGED,Meta Hyperion — Operating Leases,Approximately $12.31 billion aggregate initial lease commitment,,Approximately,Additive current amount,,,Not applicable,"Louisiana AI Hub, LLC",Louisiana AI Signals — Public Ledger,2026-08-18-r2,https://louisianaaihub.com/ledger,https://louisianaaihub.com/ledger#lais-0046,https://louisianaaihub.com/citation-use
LAIS-0047,2026-01-29,Private Infrastructure-Enabling Investment,Contracted,Meta discloses approximately $28 billion aggregate declining residual-value-guarantee threshold for Hyperion joint-venture properties,https://louisianaaihub.com/sources/2026-01-29_Meta_Form10K_Hyperion_Venture_Lease_RVG_CompleteClaimCapture.pdf,Primary (Official),Richland Parish,"Meta Platforms, Inc. / Hyperion joint venture",Technology Company / Joint Venture,Capital,28000000000,LOGGED,Meta Hyperion — Residual Value Guarantee,Approximately $28 billion aggregate declining RVG threshold,,Approximately,Contingent threshold; excluded from all monetary rollups,,,Not applicable,"Louisiana AI Hub, LLC",Louisiana AI Signals — Public Ledger,2026-08-18-r2,https://louisianaaihub.com/ledger,https://louisianaaihub.com/ledger#lais-0047,https://louisianaaihub.com/citation-use
LAIS-0048,2025-03-11,Private Capex,Announced,Fibrebond discloses $150 million Louisiana-campus expansion supporting data-center electrical-module manufacturing,https://louisianaaihub.com/sources/2025-03-11_Fibrebond_150M_LouisianaCampus_SourceReference.pdf,Primary (Company),Webster Parish,Fibrebond Corporation,Industrial Manufacturer,Capital,150000000,LOGGED,Fibrebond Minden Manufacturing Campus,$150 million,,Exact project-wide/campus disclosure,Current project amount,,LAIS-0032,Yes,"Louisiana AI Hub, LLC",Louisiana AI Signals — Public Ledger,2026-08-18-r2,https://louisianaaihub.com/ledger,https://louisianaaihub.com/ledger#lais-0048,https://louisianaaihub.com/citation-use
LAIS-0049,2026-06-30,Private Infrastructure-Enabling Investment,Contracted,"IRG expands SLB long-term Shreveport lease to remaining former-GM-campus space, supporting approximately 3.1 million square feet of dedicated data-center manufacturing capacity",https://louisianaaihub.com/sources/2026-06-30_IRG_SLB_Shreveport_LeaseExpansion_Official.pdf,Primary (Company / Landlord),Caddo Parish,SLB / Industrial Realty Group,Industrial Manufacturer / Property Owner,Infrastructure,,LOGGED,SLB Shreveport Data Center Manufacturing,Undisclosed,,Undisclosed,No disclosed monetary value; excluded from monetary rollups,,,Yes,"Louisiana AI Hub, LLC",Louisiana AI Signals — Public Ledger,2026-08-18-r2,https://louisianaaihub.com/ledger,https://louisianaaihub.com/ledger#lais-0049,https://louisianaaihub.com/citation-use
LAIS-0050,2024-02-13,Public/Institutional Awards,Approved,NSF 2341328 — Doctoral Dissertation Research: Predicting the location of hominin cave fossil sites with a machine learning approach,https://louisianaaihub.com/sources/2026-08-18_NSF_Award_2341328_SourceReference.pdf,Primary (Official),"BATON ROUGE, Louisiana",Louisiana State University,University/Research,Capital,29902,LOGGED,,"$29,902",29902,,Additive current amount,,,Not applicable,"Louisiana AI Hub, LLC",Louisiana AI Signals — Public Ledger,2026-08-18-r2,https://louisianaaihub.com/ledger,https://louisianaaihub.com/ledger#lais-0050,https://louisianaaihub.com/citation-use
LAIS-0051,2024-02-22,Public/Institutional Awards,Approved,NSF 2422035 — Collaborative Research: SaTC: CORE: Medium: Defending Against Social Engineering Attacks with In-Browser AI,https://louisianaaihub.com/sources/2026-08-18_NSF_Award_2422035_SourceReference.pdf,Primary (Official),"BATON ROUGE, Louisiana",Louisiana State University,University/Research,Capital,225163,LOGGED,,"$225,163",225163,,Additive current amount,,,Not applicable,"Louisiana AI Hub, LLC",Louisiana AI Signals — Public Ledger,2026-08-18-r2,https://louisianaaihub.com/ledger,https://louisianaaihub.com/ledger#lais-0051,https://louisianaaihub.com/citation-use
LAIS-0052,2024-02-23,Public/Institutional Awards,Approved,"NSF 2339701 — CAREER: Unary Computing in Memory for Fast, Robust and Energy-Efficient Processing",https://louisianaaihub.com/sources/2026-08-18_NSF_Award_2339701_SourceReference.pdf,Primary (Official),"LAFAYETTE, Louisiana",University of Louisiana at Lafayette,University/Research,Capital,114739,LOGGED,,"$114,739",114739,,Additive current amount,,,Not applicable,"Louisiana AI Hub, LLC",Louisiana AI Signals — Public Ledger,2026-08-18-r2,https://louisianaaihub.com/ledger,https://louisianaaihub.com/ledger#lais-0052,https://louisianaaihub.com/citation-use
LAIS-0053,2024-02-23,Public Procurement,Contracted,FA864924P0521 — BetaFlix AI/ML-enhanced virtual dental trainer,https://louisianaaihub.com/sources/2026-08-18_USASpending_Award_FA864924P0521_SourceReference.pdf,Primary (Official),"RUSTON, Louisiana","BETAFLIX, INC.",Louisiana Business,Procurement,1798085,LOGGED,,"$1,798,085",1798085,,Additive current amount,,,Not applicable,"Louisiana AI Hub, LLC",Louisiana AI Signals — Public Ledger,2026-08-18-r2,https://louisianaaihub.com/ledger,https://louisianaaihub.com/ledger#lais-0053,https://louisianaaihub.com/citation-use
LAIS-0054,2024-03-08,Public/Institutional Awards,Approved,NSF 2337845 — CAREER: Investigating and Combating Micro Signal Attacks in Video Conferencing,https://louisianaaihub.com/sources/2026-08-18_NSF_Award_2337845_SourceReference.pdf,Primary (Official),"BATON ROUGE, Louisiana",Louisiana State University,University/Research,Capital,251830,LOGGED,,"$251,830",251830,,Additive current amount,,,Not applicable,"Louisiana AI Hub, LLC",Louisiana AI Signals — Public Ledger,2026-08-18-r2,https://louisianaaihub.com/ledger,https://louisianaaihub.com/ledger#lais-0054,https://louisianaaihub.com/citation-use
LAIS-0055,2024-04-03,Public/Institutional Awards,Approved,NSF 2331711 — Collaborative Research: An Integrated Framework for Learning-Enabled and Communication-Aware Hierarchical Distributed Optimization,https://louisianaaihub.com/sources/2026-08-18_NSF_Award_2331711_SourceReference.pdf,Primary (Official),"BATON ROUGE, Louisiana",Louisiana State University,University/Research,Capital,249999,LOGGED,,"$249,999",249999,,Additive current amount,,,Not applicable,"Louisiana AI Hub, LLC",Louisiana AI Signals — Public Ledger,2026-08-18-r2,https://louisianaaihub.com/ledger,https://louisianaaihub.com/ledger#lais-0055,https://louisianaaihub.com/citation-use
LAIS-0056,2024-04-17,Public/Institutional Awards,Approved,NSF 2403398 — Collaborative Research: OAC: Core: Harvesting Idle Resources Safely and Timely for Large-scale AI Applications in High-Performance Computing Systems,https://louisianaaihub.com/sources/2026-08-18_NSF_Award_2403398_SourceReference.pdf,Primary (Official),"BATON ROUGE, Louisiana",Louisiana State University,University/Research,Capital,300000,LOGGED,,"$300,000",300000,,Additive current amount,,,Not applicable,"Louisiana AI Hub, LLC",Louisiana AI Signals — Public Ledger,2026-08-18-r2,https://louisianaaihub.com/ledger,https://louisianaaihub.com/ledger#lais-0056,https://louisianaaihub.com/citation-use
LAIS-0057,2024-04-24,Public/Institutional Awards,Approved,BoRSF ITRS 020B-24 — federated deep learners for medical imaging and treatment guidance,https://louisianaaihub.com/sources/2024-04-24_LouisianaBoardOfRegents_BoRSF_AwardRecommendations_Official.pdf,Primary (Official),"Lafayette, Louisiana",University of Louisiana at Lafayette,University/Research,Capital,307109,LOGGED,,"$307,109",307109,,Additive current amount,,,Not applicable,"Louisiana AI Hub, LLC",Louisiana AI Signals — Public Ledger,2026-08-18-r2,https://louisianaaihub.com/ledger,https://louisianaaihub.com/ledger#lais-0057,https://louisianaaihub.com/citation-use
LAIS-0058,2024-04-24,Public/Institutional Awards,Approved,BoRSF ITRS 024B-24 — machine-learning flood sensors and cloud GIS,https://louisianaaihub.com/sources/2024-04-24_LouisianaBoardOfRegents_BoRSF_AwardRecommendations_Official.pdf,Primary (Official),"Lafayette, Louisiana",University of Louisiana at Lafayette,University/Research,Capital,195598,LOGGED,,"$195,598",195598,,Additive current amount,,,Not applicable,"Louisiana AI Hub, LLC",Louisiana AI Signals — Public Ledger,2026-08-18-r2,https://louisianaaihub.com/ledger,https://louisianaaihub.com/ledger#lais-0058,https://louisianaaihub.com/citation-use
LAIS-0059,2024-04-24,Public/Institutional Awards,Approved,BoRSF 034A-24 — wearable sensing and AI integration for patellar-tendinopathy prevention,https://louisianaaihub.com/sources/2024-04-24_LouisianaBoardOfRegents_BoRSF_AwardRecommendations_Official.pdf,Primary (Official),"Baton Rouge, Louisiana",Louisiana State University,University/Research,Capital,157728,LOGGED,,"$157,728",157728,,Additive current amount,,,Not applicable,"Louisiana AI Hub, LLC",Louisiana AI Signals — Public Ledger,2026-08-18-r2,https://louisianaaihub.com/ledger,https://louisianaaihub.com/ledger#lais-0059,https://louisianaaihub.com/citation-use
LAIS-0060,2024-04-24,Public/Institutional Awards,Approved,BoRSF 072A-24 — embodied AI for robotic odor-source localization,https://louisianaaihub.com/sources/2024-04-24_LouisianaBoardOfRegents_BoRSF_AwardRecommendations_Official.pdf,Primary (Official),"Ruston, Louisiana",Louisiana Tech University,University/Research,Capital,108000,LOGGED,,"$108,000",108000,,Additive current amount,,,Not applicable,"Louisiana AI Hub, LLC",Louisiana AI Signals — Public Ledger,2026-08-18-r2,https://louisianaaihub.com/ledger,https://louisianaaihub.com/ledger#lais-0060,https://louisianaaihub.com/citation-use
LAIS-0061,2024-04-24,Public/Institutional Awards,Approved,BoRSF 093A-24 — AI-powered American Sign Language learning tools,https://louisianaaihub.com/sources/2024-04-24_LouisianaBoardOfRegents_BoRSF_AwardRecommendations_Official.pdf,Primary (Official),"New Orleans, Louisiana",Tulane University,University/Research,Capital,96044,LOGGED,,"$96,044",96044,,Additive current amount,,,Not applicable,"Louisiana AI Hub, LLC",Louisiana AI Signals — Public Ledger,2026-08-18-r2,https://louisianaaihub.com/ledger,https://louisianaaihub.com/ledger#lais-0061,https://louisianaaihub.com/citation-use
LAIS-0062,2024-04-24,Public/Institutional Awards,Approved,BoRSF 102A-24 — self-supervised learning for groundwater contaminant-source identification,https://louisianaaihub.com/sources/2024-04-24_LouisianaBoardOfRegents_BoRSF_AwardRecommendations_Official.pdf,Primary (Official),"Lafayette, Louisiana",University of Louisiana at Lafayette,University/Research,Capital,18750,LOGGED,,"$18,750",18750,,Additive current amount,,,Not applicable,"Louisiana AI Hub, LLC",Louisiana AI Signals — Public Ledger,2026-08-18-r2,https://louisianaaihub.com/ledger,https://louisianaaihub.com/ledger#lais-0062,https://louisianaaihub.com/citation-use
LAIS-0063,2024-04-24,Public/Institutional Awards,Approved,NSF 2339880 — CAREER: Making Better Decisions: A Proposal for Human-Centered Computational Social Choice using Artificial Intelligence and Data,https://louisianaaihub.com/sources/2026-08-18_NSF_Award_2339880_SourceReference.pdf,Primary (Official),"NEW ORLEANS, Louisiana",Tulane University,University/Research,Capital,600000,LOGGED,,"$600,000",600000,,Additive current amount,,,Not applicable,"Louisiana AI Hub, LLC",Louisiana AI Signals — Public Ledger,2026-08-18-r2,https://louisianaaihub.com/ledger,https://louisianaaihub.com/ledger#lais-0063,https://louisianaaihub.com/citation-use
LAIS-0064,2024-05-02,Public/Institutional Awards,Approved,NSF 2339741 — CAREER: Autonomous underwater vehicle-manipulator robots adaptable to the unforeseen,https://louisianaaihub.com/sources/2026-08-18_NSF_Award_2339741_SourceReference.pdf,Primary (Official),"BATON ROUGE, Louisiana",Louisiana State University,University/Research,Capital,595492,LOGGED,,"$595,492",595492,,Additive current amount,,,Not applicable,"Louisiana AI Hub, LLC",Louisiana AI Signals — Public Ledger,2026-08-18-r2,https://louisianaaihub.com/ledger,https://louisianaaihub.com/ledger#lais-0064,https://louisianaaihub.com/citation-use
LAIS-0065,2024-05-13,Public Procurement,Contracted,FA864924P0723 — Addiguru AI optical inspection for additive manufacturing,https://louisianaaihub.com/sources/2026-08-18_USASpending_Award_FA864924P0723_SourceReference.pdf,Primary (Official),"BATON ROUGE, Louisiana","ADDIGURU, LLC",Louisiana Business,Procurement,74956,LOGGED,,"$74,956",74956,,Additive current amount,,,Not applicable,"Louisiana AI Hub, LLC",Louisiana AI Signals — Public Ledger,2026-08-18-r2,https://louisianaaihub.com/ledger,https://louisianaaihub.com/ledger#lais-0065,https://louisianaaihub.com/citation-use
LAIS-0066,2024-06-12,Public/Institutional Awards,Approved,NSF 2404540 — SBIR Phase II: Real-time Community-in-the-Loop Platform for Improved Urban Flood Forecasting and Management,https://louisianaaihub.com/sources/2026-08-18_NSF_Award_2404540_SourceReference.pdf,Primary (Official),"NEW ORLEANS, Louisiana","ISEECHANGE, Inc.",University/Research,Capital,1199999,LOGGED,,"$1,199,999",1199999,,Additive current amount,,,Not applicable,"Louisiana AI Hub, LLC",Louisiana AI Signals — Public Ledger,2026-08-18-r2,https://louisianaaihub.com/ledger,https://louisianaaihub.com/ledger#lais-0066,https://louisianaaihub.com/citation-use
LAIS-0067,2024-06-13,Public/Institutional Awards,Approved,NSF 2347449 — NSF POSE: Phase II: Nexus: Harnessing open High Performance Computing (HPC) through HPX,https://louisianaaihub.com/sources/2026-08-18_NSF_Award_2347449_SourceReference.pdf,Primary (Official),"BATON ROUGE, Louisiana",Louisiana State University,University/Research,Capital,1513539,LOGGED,,"$1,513,539",1513539,,Additive current amount,,,Not applicable,"Louisiana AI Hub, LLC",Louisiana AI Signals — Public Ledger,2026-08-18-r2,https://louisianaaihub.com/ledger,https://louisianaaihub.com/ledger#lais-0067,https://louisianaaihub.com/citation-use
LAIS-0068,2024-07-15,Public/Institutional Awards,Approved,NSF 2403247 — Collaborative Research: CSR: Medium: Enhancing Energy Awareness for Efficient Federated Learning over Mobile AI Systems,https://louisianaaihub.com/sources/2026-08-18_NSF_Award_2403247_SourceReference.pdf,Primary (Official),"BATON ROUGE, Louisiana",Louisiana State University,University/Research,Capital,239172,LOGGED,,"$239,172",239172,,Additive current amount,,,Not applicable,"Louisiana AI Hub, LLC",Louisiana AI Signals — Public Ledger,2026-08-18-r2,https://louisianaaihub.com/ledger,https://louisianaaihub.com/ledger#lais-0068,https://louisianaaihub.com/citation-use
LAIS-0069,2024-07-30,Public/Institutional Awards,Approved,NSF 2431595 — Collaborative Research: CISE MSI: RDP: CNS: Towards the Resilient NextG Network Design for Federated Learning over Mobile Devices,https://louisianaaihub.com/sources/2026-08-18_NSF_Award_2431595_SourceReference.pdf,Primary (Official),"BATON ROUGE, Louisiana",Louisiana State University,University/Research,Capital,149990,LOGGED,,"$149,990",149990,,Additive current amount,,,Not applicable,"Louisiana AI Hub, LLC",Louisiana AI Signals — Public Ledger,2026-08-18-r2,https://louisianaaihub.com/ledger,https://louisianaaihub.com/ledger#lais-0069,https://louisianaaihub.com/citation-use
LAIS-0070,2024-08-09,Public/Institutional Awards,Approved,NSF 2400422 — Enhancing Overpressure Origin Analysis in Sedimentary Basins Using Machine Learning,https://louisianaaihub.com/sources/2026-08-18_NSF_Award_2400422_SourceReference.pdf,Primary (Official),"SHREVEPORT, Louisiana",Southern University at Shreveport,University/Research,Capital,381428,LOGGED,,"$381,428",381428,,Additive current amount,,,Not applicable,"Louisiana AI Hub, LLC",Louisiana AI Signals — Public Ledger,2026-08-18-r2,https://louisianaaihub.com/ledger,https://louisianaaihub.com/ledger#lais-0070,https://louisianaaihub.com/citation-use
LAIS-0071,2024-08-12,Public/Institutional Awards,Approved,D24AC00338 — Tulane MAGIC Scan: ML-assisted cancer-margin scanner and petascale model-training cyberinfrastructure,https://louisianaaihub.com/sources/2026-08-18_USASpending_Award_D24AC00338_SourceReference.pdf,Primary (Official),"NEW ORLEANS, Louisiana",THE ADMINISTRATORS OF TULANE EDUCATIONAL FUND,University/Research,Capital,9983310,LOGGED,,"$9,983,310",9983310,,Additive current amount,,,Not applicable,"Louisiana AI Hub, LLC",Louisiana AI Signals — Public Ledger,2026-08-18-r2,https://louisianaaihub.com/ledger,https://louisianaaihub.com/ledger#lais-0071,https://louisianaaihub.com/citation-use
LAIS-0072,2024-08-19,Public/Institutional Awards,Approved,"NSF 2332638 — SaTC: CORE: Small: Advancing Model Forensics with Systematic Parsing, Injection Detection, and Model Provenance Attribution",https://louisianaaihub.com/sources/2026-08-18_NSF_Award_2332638_SourceReference.pdf,Primary (Official),"BATON ROUGE, Louisiana",Louisiana State University,University/Research,Capital,400000,LOGGED,,"$400,000",400000,,Additive current amount,,,Not applicable,"Louisiana AI Hub, LLC",Louisiana AI Signals — Public Ledger,2026-08-18-r2,https://louisianaaihub.com/ledger,https://louisianaaihub.com/ledger#lais-0072,https://louisianaaihub.com/citation-use
LAIS-0073,2024-08-26,Public Procurement,Contracted,FA680024P0029 — BetaFlix aero-propulsion artificial-intelligence training system,https://louisianaaihub.com/sources/2026-08-18_USASpending_Award_FA680024P0029_SourceReference.pdf,Primary (Official),"RUSTON, Louisiana","BETAFLIX, INC.",Louisiana Business,Procurement,1250000,LOGGED,,"$1,250,000",1250000,,Additive current amount,,,Not applicable,"Louisiana AI Hub, LLC",Louisiana AI Signals — Public Ledger,2026-08-18-r2,https://louisianaaihub.com/ledger,https://louisianaaihub.com/ledger#lais-0073,https://louisianaaihub.com/citation-use
LAIS-0074,2024-08-28,Public/Institutional Awards,Approved,"NSF 2407839 — Machine Learning, Nonlinear PDEs, and Biomedical Applications",https://louisianaaihub.com/sources/2026-08-18_NSF_Award_2407839_SourceReference.pdf,Primary (Official),"BATON ROUGE, Louisiana",Louisiana State University,University/Research,Capital,216296,LOGGED,,"$216,296",216296,,Additive current amount,,,Not applicable,"Louisiana AI Hub, LLC",Louisiana AI Signals — Public Ledger,2026-08-18-r2,https://louisianaaihub.com/ledger,https://louisianaaihub.com/ledger#lais-0074,https://louisianaaihub.com/citation-use
LAIS-0075,2024-08-28,Public/Institutional Awards,Approved,80NSSC24K1415 — UL Lafayette PACE deep learning for phytoplankton and harmful algal blooms,https://louisianaaihub.com/sources/2026-08-18_USASpending_Award_80NSSC24K1415_SourceReference.pdf,Primary (Official),"LAFAYETTE, Louisiana",UNIVERSITY OF LOUISIANA AT LAFAYETTE,University/Research,Capital,601093,LOGGED,,"$601,093",601093,,Additive current amount,,,Not applicable,"Louisiana AI Hub, LLC",Louisiana AI Signals — Public Ledger,2026-08-18-r2,https://louisianaaihub.com/ledger,https://louisianaaihub.com/ledger#lais-0075,https://louisianaaihub.com/citation-use
LAIS-0076,2024-08-29,Public/Institutional Awards,Approved,NSF 2425811 — Collaborative Research: CAIG: Empowering Artificial Intelligence to Reveal Phytoplankton Community Dynamics in Coastal Oceans,https://louisianaaihub.com/sources/2026-08-18_NSF_Award_2425811_SourceReference.pdf,Primary (Official),"LAFAYETTE, Louisiana",University of Louisiana at Lafayette,University/Research,Capital,529636,LOGGED,,"$529,636",529636,,Additive current amount,,,Not applicable,"Louisiana AI Hub, LLC",Louisiana AI Signals — Public Ledger,2026-08-18-r2,https://louisianaaihub.com/ledger,https://louisianaaihub.com/ledger#lais-0076,https://louisianaaihub.com/citation-use
LAIS-0077,2024-09-27,Public/Institutional Awards,Approved,N000142412790 — LSU AI-based automated neural-cell phenotype identification,https://louisianaaihub.com/sources/2026-08-18_USASpending_Award_N000142412790_SourceReference.pdf,Primary (Official),"BATON ROUGE, Louisiana",LOUISIANA STATE UNIVERSITY,University/Research,Capital,156465,LOGGED,,"$156,465",156465,,Additive current amount,,,Not applicable,"Louisiana AI Hub, LLC",Louisiana AI Signals — Public Ledger,2026-08-18-r2,https://louisianaaihub.com/ledger,https://louisianaaihub.com/ledger#lais-0077,https://louisianaaihub.com/citation-use
LAIS-0078,2024-11-19,Public/Institutional Awards,Approved,NSF 2429557 — EPSCoR Research Fellows: NSF: Lunar Power System Digital Twinning For Surface Exploration Advancement,https://louisianaaihub.com/sources/2026-08-18_NSF_Award_2429557_SourceReference.pdf,Primary (Official),"LAFAYETTE, Louisiana",University of Louisiana at Lafayette,University/Research,Capital,224642,LOGGED,,"$224,642",224642,,Additive current amount,,,Not applicable,"Louisiana AI Hub, LLC",Louisiana AI Signals — Public Ledger,2026-08-18-r2,https://louisianaaihub.com/ledger,https://louisianaaihub.com/ledger#lais-0078,https://louisianaaihub.com/citation-use
LAIS-0079,2024-11-25,Public/Institutional Awards,Approved,NSF 2430345 — CC* Strategy-Campus: Adaptive Spatiotemporal Data Ecosystem for Intelligent Integration of Cloud/Edge Involving Human Agents,https://louisianaaihub.com/sources/2026-08-18_NSF_Award_2430345_SourceReference.pdf,Primary (Official),"BATON ROUGE, Louisiana",Louisiana State University,University/Research,Capital,99999,LOGGED,,"$99,999",99999,,Additive current amount,,,Not applicable,"Louisiana AI Hub, LLC",Louisiana AI Signals — Public Ledger,2026-08-18-r2,https://louisianaaihub.com/ledger,https://louisianaaihub.com/ledger#lais-0079,https://louisianaaihub.com/citation-use
LAIS-0080,2024-12-10,Public/Institutional Awards,Approved,NSF 2512857 — SHF: Small: More Modular Deep Learning,https://louisianaaihub.com/sources/2026-08-18_NSF_Award_2512857_SourceReference.pdf,Primary (Official),"NEW ORLEANS, Louisiana",Tulane University,University/Research,Capital,180803,LOGGED,,"$180,803",180803,,Additive current amount,,,Not applicable,"Louisiana AI Hub, LLC",Louisiana AI Signals — Public Ledger,2026-08-18-r2,https://louisianaaihub.com/ledger,https://louisianaaihub.com/ledger#lais-0080,https://louisianaaihub.com/citation-use
LAIS-0081,2025-02-26,Public/Institutional Awards,Approved,NSF 2349878 — Collaborative Research: CSR: Small: Interpretable and Efficient Signal Processing and Deep Learning over Graphs for Spatial-Temporal Data Analysis in AIoT Systems,https://louisianaaihub.com/sources/2026-08-18_NSF_Award_2349878_SourceReference.pdf,Primary (Official),"LAFAYETTE, Louisiana",University of Louisiana at Lafayette,University/Research,Capital,200000,LOGGED,,"$200,000",200000,,Additive current amount,,,Not applicable,"Louisiana AI Hub, LLC",Louisiana AI Signals — Public Ledger,2026-08-18-r2,https://louisianaaihub.com/ledger,https://louisianaaihub.com/ledger#lais-0081,https://louisianaaihub.com/citation-use
LAIS-0082,2025-03-04,Public Procurement,Contracted,W58RGZ25C0006 — Addiguru AI/ML in-process additive-manufacturing monitoring and optimization,https://louisianaaihub.com/sources/2026-08-18_USASpending_Award_W58RGZ25C0006_SourceReference.pdf,Primary (Official),"BATON ROUGE, Louisiana","ADDIGURU, LLC",Louisiana Business,Procurement,203998.38,LOGGED,,"$203,998.38",203998.38,,Additive current amount,,,Not applicable,"Louisiana AI Hub, LLC",Louisiana AI Signals — Public Ledger,2026-08-18-r2,https://louisianaaihub.com/ledger,https://louisianaaihub.com/ledger#lais-0082,https://louisianaaihub.com/citation-use
LAIS-0083,2025-03-26,Public/Institutional Awards,Approved,NSF 2453821 — I-Corps: Translation Potential of a Workplace Safety Software System,https://louisianaaihub.com/sources/2026-08-18_NSF_Award_2453821_SourceReference.pdf,Primary (Official),"BATON ROUGE, Louisiana",Louisiana State University,University/Research,Capital,50000,LOGGED,,"$50,000",50000,,Additive current amount,,,Not applicable,"Louisiana AI Hub, LLC",Louisiana AI Signals — Public Ledger,2026-08-18-r2,https://louisianaaihub.com/ledger,https://louisianaaihub.com/ledger#lais-0083,https://louisianaaihub.com/citation-use
LAIS-0084,2025-03-28,Public/Institutional Awards,Approved,F32HD116537 — Pennington Biomedical machine learning to predict child energy intake,https://louisianaaihub.com/sources/2026-08-18_USASpending_Award_F32HD116537_SourceReference.pdf,Primary (Official),"BATON ROUGE, Louisiana",PENNINGTON BIOMEDICAL RESEARCH CENTER,University/Research,Capital,159368,LOGGED,,"$159,368",159368,,Additive current amount,,,Not applicable,"Louisiana AI Hub, LLC",Louisiana AI Signals — Public Ledger,2026-08-18-r2,https://louisianaaihub.com/ledger,https://louisianaaihub.com/ledger#lais-0084,https://louisianaaihub.com/citation-use
LAIS-0085,2025-04-01,Public/Institutional Awards,Approved,W911NF2510131 — Southern University integrated machine-learning materials study,https://louisianaaihub.com/sources/2026-08-18_USASpending_Award_W911NF2510131_SourceReference.pdf,Primary (Official),"BATON ROUGE, Louisiana",SOUTHERN UNIVERSITY AND A & M COLLEGE,University/Research,Capital,999994,LOGGED,,"$999,994",999994,,Additive current amount,,,Not applicable,"Louisiana AI Hub, LLC",Louisiana AI Signals — Public Ledger,2026-08-18-r2,https://louisianaaihub.com/ledger,https://louisianaaihub.com/ledger#lais-0085,https://louisianaaihub.com/citation-use
LAIS-0086,2025-04-07,Public/Institutional Awards,Approved,NSF 2502138 — ERI: Infrastructural Internet-of-Things Monitoring Integrating Edge Computing and Self-Powered Sensing Towards Smart Structures,https://louisianaaihub.com/sources/2026-08-18_NSF_Award_2502138_SourceReference.pdf,Primary (Official),"RUSTON, Louisiana",Louisiana Tech University,University/Research,Capital,199901,LOGGED,,"$199,901",199901,,Additive current amount,,,Not applicable,"Louisiana AI Hub, LLC",Louisiana AI Signals — Public Ledger,2026-08-18-r2,https://louisianaaihub.com/ledger,https://louisianaaihub.com/ledger#lais-0086,https://louisianaaihub.com/citation-use
LAIS-0087,2025-04-23,Public/Institutional Awards,Approved,BoRSF ITRS 009B-25 — neural-radiance-field tools for nuclear-plant decommissioning,https://louisianaaihub.com/sources/2025-04-23_LouisianaBoardOfRegents_BoRSF_AwardRecommendations_Official.pdf,Primary (Official),"Baton Rouge, Louisiana",Louisiana State University,University/Research,Capital,216959,LOGGED,,"$216,959",216959,,Additive current amount,,,Not applicable,"Louisiana AI Hub, LLC",Louisiana AI Signals — Public Ledger,2026-08-18-r2,https://louisianaaihub.com/ledger,https://louisianaaihub.com/ledger#lais-0087,https://louisianaaihub.com/citation-use
LAIS-0088,2025-04-23,Public/Institutional Awards,Approved,BoRSF 009EC-25 — Michael A. Fitts Presidential Chair in Environmental Informatics and Artificial Intelligence,https://louisianaaihub.com/sources/2025-04-23_LouisianaBoardOfRegents_BoRSF_AwardRecommendations_Official.pdf,Primary (Official),"New Orleans, Louisiana",Tulane University,University/Research,Capital,400000,LOGGED,,"$400,000",400000,,Additive current amount,,,Not applicable,"Louisiana AI Hub, LLC",Louisiana AI Signals — Public Ledger,2026-08-18-r2,https://louisianaaihub.com/ledger,https://louisianaaihub.com/ledger#lais-0088,https://louisianaaihub.com/citation-use
LAIS-0089,2025-04-23,Public/Institutional Awards,Approved,BoRSF 029ENH-25 — Secure Computing for AI and Security Laboratory,https://louisianaaihub.com/sources/2025-04-23_LouisianaBoardOfRegents_BoRSF_AwardRecommendations_Official.pdf,Primary (Official),"Baton Rouge, Louisiana",Louisiana State University,University/Research,Capital,126929,LOGGED,,"$126,929",126929,,Additive current amount,,,Not applicable,"Louisiana AI Hub, LLC",Louisiana AI Signals — Public Ledger,2026-08-18-r2,https://louisianaaihub.com/ledger,https://louisianaaihub.com/ledger#lais-0089,https://louisianaaihub.com/citation-use
LAIS-0090,2025-04-23,Public/Institutional Awards,Approved,BoRSF 036A-25 — deep operator networks for hydrogel therapies,https://louisianaaihub.com/sources/2025-04-23_LouisianaBoardOfRegents_BoRSF_AwardRecommendations_Official.pdf,Primary (Official),"Baton Rouge, Louisiana",Louisiana State University,University/Research,Capital,189030,LOGGED,,"$189,030",189030,,Additive current amount,,,Not applicable,"Louisiana AI Hub, LLC",Louisiana AI Signals — Public Ledger,2026-08-18-r2,https://louisianaaihub.com/ledger,https://louisianaaihub.com/ledger#lais-0090,https://louisianaaihub.com/citation-use
LAIS-0091,2025-04-23,Public/Institutional Awards,Approved,BoRSF 088A-25 — safety methods for large language models,https://louisianaaihub.com/sources/2025-04-23_LouisianaBoardOfRegents_BoRSF_AwardRecommendations_Official.pdf,Primary (Official),"New Orleans, Louisiana",Tulane University,University/Research,Capital,19903,LOGGED,,"$19,903",19903,,Additive current amount,,,Not applicable,"Louisiana AI Hub, LLC",Louisiana AI Signals — Public Ledger,2026-08-18-r2,https://louisianaaihub.com/ledger,https://louisianaaihub.com/ledger#lais-0091,https://louisianaaihub.com/citation-use
LAIS-0092,2025-04-23,Public/Institutional Awards,Approved,BoRSF 104A-25 — fairness in foundation models for medical applications,https://louisianaaihub.com/sources/2025-04-23_LouisianaBoardOfRegents_BoRSF_AwardRecommendations_Official.pdf,Primary (Official),"Lafayette, Louisiana",University of Louisiana at Lafayette,University/Research,Capital,181392,LOGGED,,"$181,392",181392,,Additive current amount,,,Not applicable,"Louisiana AI Hub, LLC",Louisiana AI Signals — Public Ledger,2026-08-18-r2,https://louisianaaihub.com/ledger,https://louisianaaihub.com/ledger#lais-0092,https://louisianaaihub.com/citation-use
LAIS-0093,2025-04-23,Public/Institutional Awards,Approved,BoRSF 111A-25 — large-scale multimodal learning for pathology,https://louisianaaihub.com/sources/2025-04-23_LouisianaBoardOfRegents_BoRSF_AwardRecommendations_Official.pdf,Primary (Official),"Lafayette, Louisiana",University of Louisiana at Lafayette,University/Research,Capital,169622,LOGGED,,"$169,622",169622,,Additive current amount,,,Not applicable,"Louisiana AI Hub, LLC",Louisiana AI Signals — Public Ledger,2026-08-18-r2,https://louisianaaihub.com/ledger,https://louisianaaihub.com/ledger#lais-0093,https://louisianaaihub.com/citation-use
LAIS-0094,2025-06-20,Public/Institutional Awards,Appropriated,FY 2025–26 HB 1 appropriates $1 million for Lafourche Parish DA/Nicholls investigative modernization using AI,https://louisianaaihub.com/sources/2025-06-20_Louisiana_HB1_FY2025-26_Enrolled_Official.pdf,Primary (Official),Lafourche Parish,Lafourche Parish District Attorney / Nicholls State University,Public Agency,Capital,1000000,LOGGED,,"$1,000,000",1000000,,Additive current amount,,,Not applicable,"Louisiana AI Hub, LLC",Louisiana AI Signals — Public Ledger,2026-08-18-r2,https://louisianaaihub.com/ledger,https://louisianaaihub.com/ledger#lais-0094,https://louisianaaihub.com/citation-use
LAIS-0095,2025-07-07,Public/Institutional Awards,Approved,NSF 2513234 — Adaptive sampling for scientific machine learning: algorithms and applications,https://louisianaaihub.com/sources/2026-08-18_NSF_Award_2513234_SourceReference.pdf,Primary (Official),"BATON ROUGE, Louisiana",Louisiana State University,University/Research,Capital,285669,LOGGED,,"$285,669",285669,,Additive current amount,,,Not applicable,"Louisiana AI Hub, LLC",Louisiana AI Signals — Public Ledger,2026-08-18-r2,https://louisianaaihub.com/ledger,https://louisianaaihub.com/ledger#lais-0095,https://louisianaaihub.com/citation-use
LAIS-0096,2025-07-10,Public/Institutional Awards,Approved,NSF 2444247 — III: Small: Towards Scalable and Efficient Graph Representation Learning With Modern Data Lakes,https://louisianaaihub.com/sources/2026-08-18_NSF_Award_2444247_SourceReference.pdf,Primary (Official),"BATON ROUGE, Louisiana",Louisiana State University,University/Research,Capital,569210,LOGGED,,"$569,210",569210,,Additive current amount,,,Not applicable,"Louisiana AI Hub, LLC",Louisiana AI Signals — Public Ledger,2026-08-18-r2,https://louisianaaihub.com/ledger,https://louisianaaihub.com/ledger#lais-0096,https://louisianaaihub.com/citation-use
LAIS-0097,2025-07-11,Public/Institutional Awards,Approved,NSF 2524574 — Computer Science and AI for All in Louisiana: Developing a Comprehensive PreK-12 Pathway,https://louisianaaihub.com/sources/2026-08-18_NSF_Award_2524574_SourceReference.pdf,Primary (Official),"LAFAYETTE, Louisiana",University of Louisiana at Lafayette,University/Research,Capital,299748,LOGGED,,"$299,748",299748,,Additive current amount,,,Not applicable,"Louisiana AI Hub, LLC",Louisiana AI Signals — Public Ledger,2026-08-18-r2,https://louisianaaihub.com/ledger,https://louisianaaihub.com/ledger#lais-0097,https://louisianaaihub.com/citation-use
LAIS-0098,2025-07-13,Public/Institutional Awards,Approved,NSF 2515250 — IUCRC Planning Grant: Tulane University (Partner Site): Center for Accessible Healthcare through AI-Augmented Decisions (AHeAD),https://louisianaaihub.com/sources/2026-08-18_NSF_Award_2515250_SourceReference.pdf,Primary (Official),"NEW ORLEANS, Louisiana",Tulane University,University/Research,Capital,23999,LOGGED,,"$23,999",23999,,Additive current amount,,,Not applicable,"Louisiana AI Hub, LLC",Louisiana AI Signals — Public Ledger,2026-08-18-r2,https://louisianaaihub.com/ledger,https://louisianaaihub.com/ledger#lais-0098,https://louisianaaihub.com/citation-use
LAIS-0099,2025-07-13,Public/Institutional Awards,Approved,NSF 2515284 — IUCRC Planning Grant University of Louisiana at Lafayette (Lead Site): Center for Accessible Healthcare through AI-Augmented Decisions (AHeAD),https://louisianaaihub.com/sources/2026-08-18_NSF_Award_2515284_SourceReference.pdf,Primary (Official),"LAFAYETTE, Louisiana",University of Louisiana at Lafayette,University/Research,Capital,23997,LOGGED,,"$23,997",23997,,Additive current amount,,,Not applicable,"Louisiana AI Hub, LLC",Louisiana AI Signals — Public Ledger,2026-08-18-r2,https://louisianaaihub.com/ledger,https://louisianaaihub.com/ledger#lais-0099,https://louisianaaihub.com/citation-use
LAIS-0100,2025-08-14,Public/Institutional Awards,Approved,NSF 2523513 — AI acceptance in rural coastal communities,https://louisianaaihub.com/sources/2026-08-18_NSF_Award_2523513_SourceReference.pdf,Primary (Official),"RUSTON, Louisiana",Louisiana Tech University,University/Research,Capital,189936,LOGGED,,"$189,936",189936,,Additive current amount,,,Not applicable,"Louisiana AI Hub, LLC",Louisiana AI Signals — Public Ledger,2026-08-18-r2,https://louisianaaihub.com/ledger,https://louisianaaihub.com/ledger#lais-0100,https://louisianaaihub.com/citation-use
LAIS-0101,2025-08-19,Public/Institutional Awards,Approved,NSF 2523439 — Collaborative Research: SaTC 2.0: RES: A Privacy-Preserving Framework for Sharing and Learning from Scarce Medical Data,https://louisianaaihub.com/sources/2026-08-18_NSF_Award_2523439_SourceReference.pdf,Primary (Official),"NEW ORLEANS, Louisiana",Louisiana State University Health Sciences Center,University/Research,Capital,193885,LOGGED,,"$193,885",193885,,Additive current amount,,,Not applicable,"Louisiana AI Hub, LLC",Louisiana AI Signals — Public Ledger,2026-08-18-r2,https://louisianaaihub.com/ledger,https://louisianaaihub.com/ledger#lais-0101,https://louisianaaihub.com/citation-use
LAIS-0102,2025-08-19,Public/Institutional Awards,Approved,NSF 2523440 — Collaborative Research: SaTC 2.0: RES: A Privacy-Preserving Framework for Sharing and Learning from Scarce Medical Data,https://louisianaaihub.com/sources/2026-08-18_NSF_Award_2523440_SourceReference.pdf,Primary (Official),"BATON ROUGE, Louisiana",Louisiana State University,University/Research,Capital,405917,LOGGED,,"$405,917",405917,,Additive current amount,,,Not applicable,"Louisiana AI Hub, LLC",Louisiana AI Signals — Public Ledger,2026-08-18-r2,https://louisianaaihub.com/ledger,https://louisianaaihub.com/ledger#lais-0102,https://louisianaaihub.com/citation-use
LAIS-0103,2025-08-20,Public/Institutional Awards,Approved,NSF 2502074 — ERI: Airborne Visual-Olfactory Remote Sensing System for Early Wildfire Detection,https://louisianaaihub.com/sources/2026-08-18_NSF_Award_2502074_SourceReference.pdf,Primary (Official),"RUSTON, Louisiana",Louisiana Tech University,University/Research,Capital,194376,LOGGED,,"$194,376",194376,,Additive current amount,,,Not applicable,"Louisiana AI Hub, LLC",Louisiana AI Signals — Public Ledger,2026-08-18-r2,https://louisianaaihub.com/ledger,https://louisianaaihub.com/ledger#lais-0103,https://louisianaaihub.com/citation-use
LAIS-0104,2025-08-27,Public/Institutional Awards,Approved,NSF 2534873 — Robert Noyce Teacher Scholarship Program RESS Project: RESS in Artificial Intelligence and Cybersecurity Education for Middle School Teachers,https://louisianaaihub.com/sources/2026-08-18_NSF_Award_2534873_SourceReference.pdf,Primary (Official),"BATON ROUGE, Louisiana",Louisiana State University,University/Research,Capital,559893,LOGGED,,"$559,893",559893,,Additive current amount,,,Not applicable,"Louisiana AI Hub, LLC",Louisiana AI Signals — Public Ledger,2026-08-18-r2,https://louisianaaihub.com/ledger,https://louisianaaihub.com/ledger#lais-0104,https://louisianaaihub.com/citation-use
LAIS-0105,2025-09-10,Public/Institutional Awards,Approved,U01AI185864 — Tulane peptidome-driven machine-learning model for mycobacterial resistance,https://louisianaaihub.com/sources/2026-08-18_USASpending_Award_U01AI185864_SourceReference.pdf,Primary (Official),"NEW ORLEANS, Louisiana",THE ADMINISTRATORS OF TULANE EDUCATIONAL FUND,University/Research,Capital,1098764,LOGGED,,"$1,098,764",1098764,,Additive current amount,,,Not applicable,"Louisiana AI Hub, LLC",Louisiana AI Signals — Public Ledger,2026-08-18-r2,https://louisianaaihub.com/ledger,https://louisianaaihub.com/ledger#lais-0105,https://louisianaaihub.com/citation-use
LAIS-0106,2025-09-15,Public/Institutional Awards,Approved,NSF 2531324 — EPSCoR Research Fellows: NSF: Cost-Effective AI for Image Analysis,https://louisianaaihub.com/sources/2026-08-18_NSF_Award_2531324_SourceReference.pdf,Primary (Official),"LAFAYETTE, Louisiana",University of Louisiana at Lafayette,University/Research,Capital,285122,LOGGED,,"$285,122",285122,,Additive current amount,,,Not applicable,"Louisiana AI Hub, LLC",Louisiana AI Signals — Public Ledger,2026-08-18-r2,https://louisianaaihub.com/ledger,https://louisianaaihub.com/ledger#lais-0106,https://louisianaaihub.com/citation-use
LAIS-0107,2025-09-17,Public/Institutional Awards,Approved,RE-259041-OLS-25 — LSU rural older-adult AI literacy research and workshop framework,https://louisianaaihub.com/sources/2026-08-18_USASpending_Award_RE-259041-OLS-25_SourceReference.pdf,Primary (Official),"BATON ROUGE, Louisiana",LOUISIANA STATE UNIVERSITY,University/Research,Capital,393232,LOGGED,,"$393,232",393232,,Additive current amount,,,Not applicable,"Louisiana AI Hub, LLC",Louisiana AI Signals — Public Ledger,2026-08-18-r2,https://louisianaaihub.com/ledger,https://louisianaaihub.com/ledger#lais-0107,https://louisianaaihub.com/citation-use
LAIS-0108,2025-09-24,Public/Institutional Awards,Approved,R01AA032764 — LSU Health precision geroprotection using machine-learning predictive algorithms,https://louisianaaihub.com/sources/2026-08-18_USASpending_Award_R01AA032764_SourceReference.pdf,Primary (Official),"NEW ORLEANS, Louisiana",LOUISIANA STATE UNIVERSITY HEALTH SCIENCES CENTER NEW ORLEANS,University/Research,Capital,634830,LOGGED,,"$634,830",634830,,Additive current amount,,,Not applicable,"Louisiana AI Hub, LLC",Louisiana AI Signals — Public Ledger,2026-08-18-r2,https://louisianaaihub.com/ledger,https://louisianaaihub.com/ledger#lais-0108,https://louisianaaihub.com/citation-use
LAIS-0109,2025-12-03,Public/Institutional Awards,Approved,N000142612125 — LSU maritime robotics testbed for intelligent distributed autonomy,https://louisianaaihub.com/sources/2026-08-18_USASpending_Award_N000142612125_SourceReference.pdf,Primary (Official),"BATON ROUGE, Louisiana",LOUISIANA STATE UNIVERSITY,University/Research,Capital,351851,LOGGED,,"$351,851",351851,,Additive current amount,,,Not applicable,"Louisiana AI Hub, LLC",Louisiana AI Signals — Public Ledger,2026-08-18-r2,https://louisianaaihub.com/ledger,https://louisianaaihub.com/ledger#lais-0109,https://louisianaaihub.com/citation-use
LAIS-0110,2026-01-30,Public/Institutional Awards,Approved,NSF 2611747 — Collaborative Research: A Physics-Informed Flood Early Warning System for Agricultural Watersheds with Explainable Deep Learning and Process-Based Modeling,https://louisianaaihub.com/sources/2026-08-18_NSF_Award_2611747_SourceReference.pdf,Primary (Official),"NEW ORLEANS, Louisiana",Tulane University,University/Research,Capital,92927,LOGGED,,"$92,927",92927,,Additive current amount,,,Not applicable,"Louisiana AI Hub, LLC",Louisiana AI Signals — Public Ledger,2026-08-18-r2,https://louisianaaihub.com/ledger,https://louisianaaihub.com/ledger#lais-0110,https://louisianaaihub.com/citation-use
LAIS-0111,2026-03-24,Public/Institutional Awards,Approved,Board of Regents approves LSU Bachelor of Science in Artificial Intelligence for Fall 2026,https://louisianaaihub.com/sources/2026-03-24_LouisianaBoardOfRegents_AI_Degree_Official.pdf,Primary (Official),"Baton Rouge, Louisiana",Louisiana State University,University/Research,Workforce,,LOGGED,,—,,,No monetary amount,,,Not applicable,"Louisiana AI Hub, LLC",Louisiana AI Signals — Public Ledger,2026-08-18-r2,https://louisianaaihub.com/ledger,https://louisianaaihub.com/ledger#lais-0111,https://louisianaaihub.com/citation-use
LAIS-0112,2026-03-26,Public/Institutional Awards,Approved,NSF 2540631 — CAREER: Securing Software for the Quantum Era via Program Analysis-Guided AI Migration,https://louisianaaihub.com/sources/2026-08-18_NSF_Award_2540631_SourceReference.pdf,Primary (Official),"BATON ROUGE, Louisiana",Louisiana State University,University/Research,Capital,300912,LOGGED,,"$300,912",300912,,Additive current amount,,,Not applicable,"Louisiana AI Hub, LLC",Louisiana AI Signals — Public Ledger,2026-08-18-r2,https://louisianaaihub.com/ledger,https://louisianaaihub.com/ledger#lais-0112,https://louisianaaihub.com/citation-use
LAIS-0113,2026-04-10,Public/Institutional Awards,Approved,"NSF 2451631 — CRII: FRR: Intelligent Ground Mobile Robots Integrating Visual and Olfactory Sensing for Indoor Odor, Gas, and VOC Source Localization",https://louisianaaihub.com/sources/2026-08-18_NSF_Award_2451631_SourceReference.pdf,Primary (Official),"RUSTON, Louisiana",Louisiana Tech University,University/Research,Capital,163896,LOGGED,,"$163,896",163896,,Additive current amount,,,Not applicable,"Louisiana AI Hub, LLC",Louisiana AI Signals — Public Ledger,2026-08-18-r2,https://louisianaaihub.com/ledger,https://louisianaaihub.com/ledger#lais-0113,https://louisianaaihub.com/citation-use
LAIS-0114,2026-04-17,Public/Institutional Awards,Approved,NSF 2531809 — EPSCoR Research Fellows: NSF: Interpretable AI-Driven Multi-Modal MRI for Brain Imaging Analysis,https://louisianaaihub.com/sources/2026-08-18_NSF_Award_2531809_SourceReference.pdf,Primary (Official),"NEW ORLEANS, Louisiana",Tulane University,University/Research,Capital,222497,LOGGED,,"$222,497",222497,,Additive current amount,,,Not applicable,"Louisiana AI Hub, LLC",Louisiana AI Signals — Public Ledger,2026-08-18-r2,https://louisianaaihub.com/ledger,https://louisianaaihub.com/ledger#lais-0114,https://louisianaaihub.com/citation-use
LAIS-0115,2026-04-17,Public/Institutional Awards,Approved,NSF 2531855 — EPSCoR Research Fellows: NSF: Securing Next-Generation Advanced Driver Assistance Systems Through Multi-Phase Safety Assurance: From Design to Runtime,https://louisianaaihub.com/sources/2026-08-18_NSF_Award_2531855_SourceReference.pdf,Primary (Official),"BATON ROUGE, Louisiana",Louisiana State University,University/Research,Capital,298950,LOGGED,,"$298,950",298950,,Additive current amount,,,Not applicable,"Louisiana AI Hub, LLC",Louisiana AI Signals — Public Ledger,2026-08-18-r2,https://louisianaaihub.com/ledger,https://louisianaaihub.com/ledger#lais-0115,https://louisianaaihub.com/citation-use
LAIS-0116,2026-04-30,Public/Institutional Awards,Approved,"NSF 2552579 — ERI: Flexible, Adaptive, and Explainable Anomaly Detection under Distribution Shift in Multivariate Time Series",https://louisianaaihub.com/sources/2026-08-18_NSF_Award_2552579_SourceReference.pdf,Primary (Official),"RUSTON, Louisiana",Louisiana Tech University,University/Research,Capital,185210,LOGGED,,"$185,210",185210,,Additive current amount,,,Not applicable,"Louisiana AI Hub, LLC",Louisiana AI Signals — Public Ledger,2026-08-18-r2,https://louisianaaihub.com/ledger,https://louisianaaihub.com/ledger#lais-0116,https://louisianaaihub.com/citation-use
LAIS-0117,2026-05-13,Public/Institutional Awards,Approved,NSF 2419882 — Collaborative Research: SHF: Small: Fault Localization for Deep Learning,https://louisianaaihub.com/sources/2026-08-18_NSF_Award_2419882_SourceReference.pdf,Primary (Official),"NEW ORLEANS, Louisiana",Tulane University,University/Research,Capital,376008,LOGGED,,"$376,008",376008,,Additive current amount,,,Not applicable,"Louisiana AI Hub, LLC",Louisiana AI Signals — Public Ledger,2026-08-18-r2,https://louisianaaihub.com/ledger,https://louisianaaihub.com/ledger#lais-0117,https://louisianaaihub.com/citation-use
LAIS-0118,2026-05-25,Public/Institutional Awards,Approved,NSF 2612361 — Collaborative Research: CyberTraining: Implementation: Medium: ACAI-Train: Scalable Instructor Training for Infusing AI and Advanced CI Concepts Into Early Core Computing Courses,https://louisianaaihub.com/sources/2026-08-18_NSF_Award_2612361_SourceReference.pdf,Primary (Official),"BATON ROUGE, Louisiana",Louisiana State University,University/Research,Capital,31992,LOGGED,,"$31,992",31992,,Additive current amount,,,Not applicable,"Louisiana AI Hub, LLC",Louisiana AI Signals — Public Ledger,2026-08-18-r2,https://louisianaaihub.com/ledger,https://louisianaaihub.com/ledger#lais-0118,https://louisianaaihub.com/citation-use
LAIS-0119,2026-05-26,Public/Institutional Awards,Approved,NSF 2544625 — CAREER: Leveraging Scambaiting Community Knowledge to Defend Against Interactive Social Engineering Attacks,https://louisianaaihub.com/sources/2026-08-18_NSF_Award_2544625_SourceReference.pdf,Primary (Official),"BATON ROUGE, Louisiana",Louisiana State University,University/Research,Capital,388063,LOGGED,,"$388,063",388063,,Additive current amount,,,Not applicable,"Louisiana AI Hub, LLC",Louisiana AI Signals — Public Ledger,2026-08-18-r2,https://louisianaaihub.com/ledger,https://louisianaaihub.com/ledger#lais-0119,https://louisianaaihub.com/citation-use
LAIS-0120,2026-05-26,Public/Institutional Awards,Approved,NSF 2550002 — Environmental drivers and consequences of lekking by white bearded manakins,https://louisianaaihub.com/sources/2026-08-18_NSF_Award_2550002_SourceReference.pdf,Primary (Official),"NEW ORLEANS, Louisiana",Tulane University,University/Research,Capital,1386093,LOGGED,,"$1,386,093",1386093,,Additive current amount,,,Not applicable,"Louisiana AI Hub, LLC",Louisiana AI Signals — Public Ledger,2026-08-18-r2,https://louisianaaihub.com/ledger,https://louisianaaihub.com/ledger#lais-0120,https://louisianaaihub.com/citation-use
LAIS-0121,2026-05-29,Public/Institutional Awards,Approved,NSF 2543694 — CAREER: Toward Interpretable AI: Modeling and Adapting Data-Driven Semantic Prototypes,https://louisianaaihub.com/sources/2026-08-18_NSF_Award_2543694_SourceReference.pdf,Primary (Official),"NEW ORLEANS, Louisiana",Tulane University,University/Research,Capital,418410,LOGGED,,"$418,410",418410,,Additive current amount,,,Not applicable,"Louisiana AI Hub, LLC",Louisiana AI Signals — Public Ledger,2026-08-18-r2,https://louisianaaihub.com/ledger,https://louisianaaihub.com/ledger#lais-0121,https://louisianaaihub.com/citation-use
LAIS-0122,2026-06-03,Public/Institutional Awards,Approved,"NSF 2609512 — Category III: G-WAVE: Gulf Water Analytics & Virtual Environments for Integrated and Intelligent Water, Health, and Energy Resilience in the Gulf Coast",https://louisianaaihub.com/sources/2026-08-18_NSF_Award_2609512_SourceReference.pdf,Primary (Official),"NEW ORLEANS, Louisiana",Tulane University,University/Research,Capital,499385,LOGGED,,"$499,385",499385,,Additive current amount,,,Not applicable,"Louisiana AI Hub, LLC",Louisiana AI Signals — Public Ledger,2026-08-18-r2,https://louisianaaihub.com/ledger,https://louisianaaihub.com/ledger#lais-0122,https://louisianaaihub.com/citation-use
LAIS-0123,2026-06-18,Public/Institutional Awards,Appropriated,"FY 2026–27 HB 1 appropriates $35,000 for the Magic School AI Pilot Program in Franklin, Catahoula, and Caldwell school systems",https://louisianaaihub.com/sources/2026-06-18_Louisiana_HB1_FY2026-27_Enrolled_Official.pdf,Primary (Official),"Franklin, Catahoula & Caldwell Parishes",Louisiana Department of Education / named school systems,State Agency,Workforce,35000,LOGGED,,"$35,000",35000,,Additive current amount,,,Not applicable,"Louisiana AI Hub, LLC",Louisiana AI Signals — Public Ledger,2026-08-18-r2,https://louisianaaihub.com/ledger,https://louisianaaihub.com/ledger#lais-0123,https://louisianaaihub.com/citation-use
LAIS-0124,2026-06-26,Public/Institutional Awards,Approved,06D05426 — LSU machine-learning-directed smart onsite-wastewater reactor,https://louisianaaihub.com/sources/2026-08-18_USASpending_Award_06D05426_SourceReference.pdf,Primary (Official),"BATON ROUGE, Louisiana",LOUISIANA STATE UNIVERSITY,University/Research,Capital,999949,LOGGED,,"$999,949",999949,,Additive current amount,,,Not applicable,"Louisiana AI Hub, LLC",Louisiana AI Signals — Public Ledger,2026-08-18-r2,https://louisianaaihub.com/ledger,https://louisianaaihub.com/ledger#lais-0124,https://louisianaaihub.com/citation-use
LAIS-0125,2026-07-06,Public/Institutional Awards,Approved,NSF 2537872 — SBIR Phase I: Deep Learning Framework for Mapping Flood Extent from Unstructured Photos,https://louisianaaihub.com/sources/2026-08-18_NSF_Award_2537872_SourceReference.pdf,Primary (Official),"NEW ORLEANS, Louisiana","ISEECHANGE, Inc.",University/Research,Capital,304018,LOGGED,,"$304,018",304018,,Additive current amount,,,Not applicable,"Louisiana AI Hub, LLC",Louisiana AI Signals — Public Ledger,2026-08-18-r2,https://louisianaaihub.com/ledger,https://louisianaaihub.com/ledger#lais-0125,https://louisianaaihub.com/citation-use
LAIS-0126,2026-07-06,Public/Institutional Awards,Approved,T32HG014157 — Tulane/Ochsner genomic precision medicine AI/ML training program,https://louisianaaihub.com/sources/2026-08-18_USASpending_Award_T32HG014157_SourceReference.pdf,Primary (Official),"NEW ORLEANS, Louisiana",THE ADMINISTRATORS OF TULANE EDUCATIONAL FUND,University/Research,Capital,278556,LOGGED,,"$278,556",278556,,Additive current amount,,,Not applicable,"Louisiana AI Hub, LLC",Louisiana AI Signals — Public Ledger,2026-08-18-r2,https://louisianaaihub.com/ledger,https://louisianaaihub.com/ledger#lais-0126,https://louisianaaihub.com/citation-use
LAIS-0127,2026-07-13,Private Contract Value,Contracted,Meta discloses more than $1.6 billion contracted with Louisiana businesses to date,https://louisianaaihub.com/sources/2026-08-18_Meta_Richland_Contracts_Infrastructure_SourceReference.pdf,Primary (Company),Louisiana,"Meta Platforms, Inc.",Technology Company,Capital,1600000000,LOGGED,Meta Hyperion,More than $1.6 billion,1600000000,More than,Additive current amount,,LAIS-0011,Not applicable,"Louisiana AI Hub, LLC",Louisiana AI Signals — Public Ledger,2026-08-18-r2,https://louisianaaihub.com/ledger,https://louisianaaihub.com/ledger#lais-0127,https://louisianaaihub.com/citation-use
LAIS-0128,2026-07-13,Private Infrastructure-Enabling Investment,Completed,"Meta discloses more than $1 billion invested to date in local roads, water, and wastewater infrastructure",https://louisianaaihub.com/sources/2026-08-18_Meta_Richland_Contracts_Infrastructure_SourceReference.pdf,Primary (Company),Richland Parish,"Meta Platforms, Inc.",Technology Company,Capital,1000000000,LOGGED,Meta Hyperion,More than $1 billion,1000000000,More than,Non-additive project-scope component — exclude from cross-class reference,,,No,"Louisiana AI Hub, LLC",Louisiana AI Signals — Public Ledger,2026-08-18-r2,https://louisianaaihub.com/ledger,https://louisianaaihub.com/ledger#lais-0128,https://louisianaaihub.com/citation-use
LAIS-0129,2026-07-15,Public/Institutional Awards,Approved,NSF 2627515 — NSF FF: Planning: From Black Box to Glass Box: Co-Designing Transparent AI for Middle School Engineering,https://louisianaaihub.com/sources/2026-08-18_NSF_Award_2627515_SourceReference.pdf,Primary (Official),"LAFAYETTE, Louisiana",University of Louisiana at Lafayette,University/Research,Capital,48405,LOGGED,,"$48,405",48405,,Additive current amount,,,Not applicable,"Louisiana AI Hub, LLC",Louisiana AI Signals — Public Ledger,2026-08-18-r2,https://louisianaaihub.com/ledger,https://louisianaaihub.com/ledger#lais-0129,https://louisianaaihub.com/citation-use
LAIS-0130,2026-07-17,Public/Institutional Awards,Approved,NSF 2627834 — I-Corps: Translation Potential of an Artificial Intelligence (AI) Assistant for Course Management and Coordination in Higher Education,https://louisianaaihub.com/sources/2026-08-18_NSF_Award_2627834_SourceReference.pdf,Primary (Official),"BATON ROUGE, Louisiana",Louisiana State University,University/Research,Capital,50000,LOGGED,,"$50,000",50000,,Additive current amount,,,Not applicable,"Louisiana AI Hub, LLC",Louisiana AI Signals — Public Ledger,2026-08-18-r2,https://louisianaaihub.com/ledger,https://louisianaaihub.com/ledger#lais-0130,https://louisianaaihub.com/citation-use
LAIS-0131,2026-07-26,Public/Institutional Awards,Approved,NSF 2616837 — Collaborative Research: SHF: MADE: Memory-centric Architectures for Distributed Edge Intelligence,https://louisianaaihub.com/sources/2026-08-18_NSF_Award_2616837_SourceReference.pdf,Primary (Official),"LAFAYETTE, Louisiana",University of Louisiana at Lafayette,University/Research,Capital,299927,LOGGED,,"$299,927",299927,,Additive current amount,,,Not applicable,"Louisiana AI Hub, LLC",Louisiana AI Signals — Public Ledger,2026-08-18-r2,https://louisianaaihub.com/ledger,https://louisianaaihub.com/ledger#lais-0131,https://louisianaaihub.com/citation-use
LAIS-0132,2026-07-26,Public/Institutional Awards,Approved,NSF 2618897 — Collaborative Research: SHF: SHARP: Achieving Scalable Blockchain Sharding via Software and Hardware Optimizations,https://louisianaaihub.com/sources/2026-08-18_NSF_Award_2618897_SourceReference.pdf,Primary (Official),"NEW ORLEANS, Louisiana",Tulane University,University/Research,Capital,500000,LOGGED,,"$500,000",500000,,Additive current amount,,,Not applicable,"Louisiana AI Hub, LLC",Louisiana AI Signals — Public Ledger,2026-08-18-r2,https://louisianaaihub.com/ledger,https://louisianaaihub.com/ledger#lais-0132,https://louisianaaihub.com/citation-use
LAIS-0133,2026-07-26,Public/Institutional Awards,Approved,"NSF 2619509 — Collaborative Research: HCC: Designing Civic AI to Connect Residents, Communities, and Local Governments",https://louisianaaihub.com/sources/2026-08-18_NSF_Award_2619509_SourceReference.pdf,Primary (Official),"NEW ORLEANS, Louisiana",Tulane University,University/Research,Capital,449868,LOGGED,,"$449,868",449868,,Additive current amount,,,Not applicable,"Louisiana AI Hub, LLC",Louisiana AI Signals — Public Ledger,2026-08-18-r2,https://louisianaaihub.com/ledger,https://louisianaaihub.com/ledger#lais-0133,https://louisianaaihub.com/citation-use
LAIS-0134,2026-07-27,Public/Institutional Awards,Approved,NSF 2610704 — Mathematical Foundations of Learning Complex Stochastic Systems,https://louisianaaihub.com/sources/2026-08-18_NSF_Award_2610704_SourceReference.pdf,Primary (Official),"BATON ROUGE, Louisiana",Louisiana State University,University/Research,Capital,299847,LOGGED,,"$299,847",299847,,Additive current amount,,,Not applicable,"Louisiana AI Hub, LLC",Louisiana AI Signals — Public Ledger,2026-08-18-r2,https://louisianaaihub.com/ledger,https://louisianaaihub.com/ledger#lais-0134,https://louisianaaihub.com/citation-use
LAIS-0135,2026-07-29,Public/Institutional Awards,Approved,"NSF 2546047 — BIO-AI: STAR: IUSC: Morphological Barcoding, a novel, machine learning-based approach to solving the taxonomic impediment",https://louisianaaihub.com/sources/2026-08-18_NSF_Award_2546047_SourceReference.pdf,Primary (Official),"NEW ORLEANS, Louisiana",Tulane University,University/Research,Capital,399945,LOGGED,,"$399,945",399945,,Additive current amount,,,Not applicable,"Louisiana AI Hub, LLC",Louisiana AI Signals — Public Ledger,2026-08-18-r2,https://louisianaaihub.com/ledger,https://louisianaaihub.com/ledger#lais-0135,https://louisianaaihub.com/citation-use
LAIS-0136,2026-07-29,Public/Institutional Awards,Approved,NSF 2616611 — Collaborative Research: CSR: Co-Designing Integrated AI-Enabled Compiler-Runtime Systems for Future HPC Architectures,https://louisianaaihub.com/sources/2026-08-18_NSF_Award_2616611_SourceReference.pdf,Primary (Official),"BATON ROUGE, Louisiana",Louisiana State University,University/Research,Capital,499896,LOGGED,,"$499,896",499896,,Additive current amount,,,Not applicable,"Louisiana AI Hub, LLC",Louisiana AI Signals — Public Ledger,2026-08-18-r2,https://louisianaaihub.com/ledger,https://louisianaaihub.com/ledger#lais-0136,https://louisianaaihub.com/citation-use
LAIS-0137,2026-07-30,Public/Institutional Awards,Approved,NSF 2551418 — Collaborative Research: NeTS: Physics-Enhanced AI for Spectrum Awareness and Radiomap-Assisted Network Management,https://louisianaaihub.com/sources/2026-08-18_NSF_Award_2551418_SourceReference.pdf,Primary (Official),"LAFAYETTE, Louisiana",University of Louisiana at Lafayette,University/Research,Capital,200000,LOGGED,,"$200,000",200000,,Additive current amount,,,Not applicable,"Louisiana AI Hub, LLC",Louisiana AI Signals — Public Ledger,2026-08-18-r2,https://louisianaaihub.com/ledger,https://louisianaaihub.com/ledger#lais-0137,https://louisianaaihub.com/citation-use
LAIS-0138,2026-07-30,Public/Institutional Awards,Approved,NSF 2608702 — Elements: Open Infrastructure for Automated Synthesis of AI Models to Hardware,https://louisianaaihub.com/sources/2026-08-18_NSF_Award_2608702_SourceReference.pdf,Primary (Official),"RUSTON, Louisiana",Louisiana Tech University,University/Research,Capital,599982,LOGGED,,"$599,982",599982,,Additive current amount,,,Not applicable,"Louisiana AI Hub, LLC",Louisiana AI Signals — Public Ledger,2026-08-18-r2,https://louisianaaihub.com/ledger,https://louisianaaihub.com/ledger#lais-0138,https://louisianaaihub.com/citation-use
LAIS-0139,2026-07-31,Public/Institutional Awards,Approved,NSF 2616259 — Collaborative Research: CAIG: Physics-Informed Deep Learning for Understanding Coastal Hypoxia Formation Mechanisms,https://louisianaaihub.com/sources/2026-08-18_NSF_Award_2616259_SourceReference.pdf,Primary (Official),"BATON ROUGE, Louisiana",Louisiana State University,University/Research,Capital,249862,LOGGED,,"$249,862",249862,,Additive current amount,,,Not applicable,"Louisiana AI Hub, LLC",Louisiana AI Signals — Public Ledger,2026-08-18-r2,https://louisianaaihub.com/ledger,https://louisianaaihub.com/ledger#lais-0139,https://louisianaaihub.com/citation-use
LAIS-0140,2026-08-04,Public/Institutional Awards,Approved,BoRSF award — AI career-support research for older adults,https://louisianaaihub.com/sources/2026-08-18_LSU_BoRSF_AI_CareerSupport_SourceReference.pdf,Primary (Official),"Baton Rouge, Louisiana",Louisiana State University,University/Research,Capital,183668,LOGGED,,"$183,668",183668,,Additive current amount,,,Not applicable,"Louisiana AI Hub, LLC",Louisiana AI Signals — Public Ledger,2026-08-18-r2,https://louisianaaihub.com/ledger,https://louisianaaihub.com/ledger#lais-0140,https://louisianaaihub.com/citation-use
LAIS-0141,2026-08-05,Public/Institutional Awards,Approved,"NSF 2539901 — Enhancing Holistic Thinking among Undergraduate Students in Architecture, Engineering, and Construction through a Digital Twin-Integrated Learning Platform",https://louisianaaihub.com/sources/2026-08-18_NSF_Award_2539901_SourceReference.pdf,Primary (Official),"BATON ROUGE, Louisiana",Louisiana State University,University/Research,Capital,744660,LOGGED,,"$744,660",744660,,Additive current amount,,,Not applicable,"Louisiana AI Hub, LLC",Louisiana AI Signals — Public Ledger,2026-08-18-r2,https://louisianaaihub.com/ledger,https://louisianaaihub.com/ledger#lais-0141,https://louisianaaihub.com/citation-use
LAIS-0142,2026-08-06,Public/Institutional Awards,Approved,NSF 2548961 — Collaborative Research: VINES: Track 1: AI-Empowered Semantic Communications with Energy Efficiency and Privacy Preserving for IoT-Enabled Emergency Response,https://louisianaaihub.com/sources/2026-08-18_NSF_Award_2548961_SourceReference.pdf,Primary (Official),"LAFAYETTE, Louisiana",University of Louisiana at Lafayette,University/Research,Capital,475000,LOGGED,,"$475,000",475000,,Additive current amount,,,Not applicable,"Louisiana AI Hub, LLC",Louisiana AI Signals — Public Ledger,2026-08-18-r2,https://louisianaaihub.com/ledger,https://louisianaaihub.com/ledger#lais-0142,https://louisianaaihub.com/citation-use
LAIS-0143,2026-08-06,Public/Institutional Awards,Approved,NSF 2611526 — Physics-Informed Data-Driven Control of Wave Energy Converters: Predictive Wave-Force Modeling and Reinforcement-Learned Virtual Inertia for Stable Grid Integration,https://louisianaaihub.com/sources/2026-08-18_NSF_Award_2611526_SourceReference.pdf,Primary (Official),"BATON ROUGE, Louisiana",Louisiana State University,University/Research,Capital,445503,LOGGED,,"$445,503",445503,,Additive current amount,,,Not applicable,"Louisiana AI Hub, LLC",Louisiana AI Signals — Public Ledger,2026-08-18-r2,https://louisianaaihub.com/ledger,https://louisianaaihub.com/ledger#lais-0143,https://louisianaaihub.com/citation-use
LAIS-0144,2026-08-07,Public/Institutional Awards,Approved,NSF 2627426 — EAGER: Predictive Front-Running of U.S. Research Trajectories,https://louisianaaihub.com/sources/2026-08-18_NSF_Award_2627426_SourceReference.pdf,Primary (Official),"BATON ROUGE, Louisiana",Louisiana State University,University/Research,Capital,302955,LOGGED,,"$302,955",302955,,Additive current amount,,,Not applicable,"Louisiana AI Hub, LLC",Louisiana AI Signals — Public Ledger,2026-08-18-r2,https://louisianaaihub.com/ledger,https://louisianaaihub.com/ledger#lais-0144,https://louisianaaihub.com/citation-use
LAIS-0145,2026-08-10,Public/Institutional Awards,Approved,NSF 2555093 — SaTC 2.0: RES: From Optimization to Obfuscation: Reimagining Compilers as Security Primitives for DNN Binaries,https://louisianaaihub.com/sources/2026-08-18_NSF_Award_2555093_SourceReference.pdf,Primary (Official),"NEW ORLEANS, Louisiana",Tulane University,University/Research,Capital,599936,LOGGED,,"$599,936",599936,,Additive current amount,,,Not applicable,"Louisiana AI Hub, LLC",Louisiana AI Signals — Public Ledger,2026-08-18-r2,https://louisianaaihub.com/ledger,https://louisianaaihub.com/ledger#lais-0145,https://louisianaaihub.com/citation-use
LAIS-0146,2026-08-11,Public/Institutional Awards,Approved,NSF 2620846 — Collaborative Research: AI-Enabled Digital Twins for Resilient Freshwater Infrastructure and Communities under Cascading Hazards,https://louisianaaihub.com/sources/2026-08-18_NSF_Award_2620846_SourceReference.pdf,Primary (Official),"BATON ROUGE, Louisiana",Louisiana State University,University/Research,Capital,425998,LOGGED,,"$425,998",425998,,Additive current amount,,,Not applicable,"Louisiana AI Hub, LLC",Louisiana AI Signals — Public Ledger,2026-08-18-r2,https://louisianaaihub.com/ledger,https://louisianaaihub.com/ledger#lais-0146,https://louisianaaihub.com/citation-use
LAIS-0147,2026-08-13,Public/Institutional Awards,Approved,NSF 2603732 — Collaborative Research: An Explainable AI Environment for Adaptive Learning and Practice of Quantum Computing,https://louisianaaihub.com/sources/2026-08-18_NSF_Award_2603732_SourceReference.pdf,Primary (Official),"BATON ROUGE, Louisiana",Louisiana State University,University/Research,Capital,364998,LOGGED,,"$364,998",364998,,Additive current amount,,,Not applicable,"Louisiana AI Hub, LLC",Louisiana AI Signals — Public Ledger,2026-08-18-r2,https://louisianaaihub.com/ledger,https://louisianaaihub.com/ledger#lais-0147,https://louisianaaihub.com/citation-use
LAIS-0148,2026-08-14,Public/Institutional Awards,Approved,NSF 2552759 — ERI: AQUABOT: Advancing Water Quality Monitoring with an Intelligent Bot via Integrated Learning and Decision-Making,https://louisianaaihub.com/sources/2026-08-18_NSF_Award_2552759_SourceReference.pdf,Primary (Official),"NEW ORLEANS, Louisiana",University of New Orleans,University/Research,Capital,197022,LOGGED,,"$197,022",197022,,Additive current amount,,,Not applicable,"Louisiana AI Hub, LLC",Louisiana AI Signals — Public Ledger,2026-08-18-r2,https://louisianaaihub.com/ledger,https://louisianaaihub.com/ledger#lais-0148,https://louisianaaihub.com/citation-use
LAIS-0149,2026-08-14,Public/Institutional Awards,Approved,NSF 2624558 — EPSCoR Research Fellows: NSF: Quantum-Inspired Vector Symbolic Architectures for Biomedical Big Data Processing,https://louisianaaihub.com/sources/2026-08-18_NSF_Award_2624558_SourceReference.pdf,Primary (Official),"LAFAYETTE, Louisiana",University of Louisiana at Lafayette,University/Research,Capital,299985,LOGGED,,"$299,985",299985,,Additive current amount,,,Not applicable,"Louisiana AI Hub, LLC",Louisiana AI Signals — Public Ledger,2026-08-18-r2,https://louisianaaihub.com/ledger,https://louisianaaihub.com/ledger#lais-0149,https://louisianaaihub.com/citation-use
LAIS-0150,2026-08-18,Private Capex,Announced,Amazon expands Northwest Louisiana planned data-center investment to $18B and three planned campuses,https://louisianaaihub.com/sources/2026-08-18_Amazon_NorthwestLouisiana_18B_SourceReference.pdf,Primary (Company),Caddo & Bossier Parishes / Shreveport,Amazon,Technology Company,Power/Grid,18000000000,LOGGED,Amazon Caddo-Bossier,$18 billion planned investment,18000000000,,Additive current amount,,LAIS-0009,Yes,"Louisiana AI Hub, LLC",Louisiana AI Signals — Public Ledger,2026-08-18-r2,https://louisianaaihub.com/ledger,https://louisianaaihub.com/ledger#lais-0150,https://louisianaaihub.com/citation-use
